productId,name,set,key,tcg_market
582920,Axgard Cavalry,The List Reprints,axgard cavalry,0.07
457587,Emerald Charm,Dominaria Remastered,emerald charm,0.1
531152,Dimir House Guard,Ravnica Remastered,dimir house guard,0.12
68394,Sudden Shock,Modern Masters,sudden shock,0.13
591087,Three Tree Mascot,Foundations,three tree mascot,0.15
507460,"Tetsuko Umezawa, Fugitive",Commander Masters,tetsuko umezawa fugitive,0.15
491763,Flywheel Racer,March of the Machine,flywheel racer,0.16
128935,Wingcrafter,Modern Masters 2017,wingcrafter,0.16
110689,Crumbling Vestige,Oath of the Gatewatch,crumbling vestige,0.16
507454,Impulsive Pilferer,Commander Masters,impulsive pilferer,0.16
57853,Young Wolf,Dark Ascension,young wolf,0.17
251639,Wild Slash,Unique and Miscellaneous Promos,wild slash,0.17
552176,Basking Broodscale,Modern Horizons 3,basking broodscale,0.17
244010,Mishra's Factory,Commander: Adventures in the Forgotten Realms,mishras factory,0.17
624397,Mardu Devotee,Tarkir: Dragonstorm,mardu devotee,0.18
526138,Abrade,The Lost Caverns of Ixalan,abrade,0.18
503606,"Rishkar, Peema Renegade",Commander Masters,rishkar peema renegade,0.18
198858,Claim the Firstborn,Throne of Eldraine,claim the firstborn,0.19
534654,Light Up the Stage,Ravnica: Clue Edition,light up the stage,0.19
583403,Plundering Barbarian,The List Reprints,plundering barbarian,0.19
452387,Chromatic Star,The Brothers' War: Retro Frame Artifacts,chromatic star,0.2
558679,Barkform Harvester,Bloomburrow,barkform harvester,0.2
591108,Command Tower,Commander: Foundations,command tower,0.2
525731,Angrath's Marauders,Commander: The Lost Caverns of Ixalan,angraths marauders,0.21
13194,Auratouched Mage,Ravnica: City of Guilds,auratouched mage,0.21
226644,"Dargo, the Shipwrecker",Commander Legends,dargo the shipwrecker,0.21
239750,Mogg Salvage,Modern Horizons 2,mogg salvage,0.21
552637,Unstable Amulet,Modern Horizons 3,unstable amulet,0.22
583322,Wall of Roots,The List Reprints,wall of roots,0.22
556335,Shao Jun,Universes Beyond: Assassin's Creed,shao jun,0.22
671468,Glamer Gifter,Lorwyn Eclipsed,glamer gifter,0.22
591019,Vile Entomber,Foundations,vile entomber,0.23
111039,Holdout Settlement,Oath of the Gatewatch,holdout settlement,0.23
557921,Llanowar Elves,Foundations,llanowar elves,0.23
10246,Dwarven Scorcher,Judgment,dwarven scorcher,0.24
531170,Wild Cantor,Ravnica Remastered,wild cantor,0.24
644609,Gene Pollinator,Edge of Eternities,gene pollinator,0.24
687675,Exotic Orchard,Commander: Secrets of Strixhaven,exotic orchard,0.24
198887,Gingerbrute,Throne of Eldraine,gingerbrute,0.24
91089,Phyrexian Revoker,Magic 2015 (M15),phyrexian revoker,0.24
451911,Ornithopter,The Brothers' War: Retro Frame Artifacts,ornithopter,0.25
262155,Twinshot Sniper,Kamigawa: Neon Dynasty,twinshot sniper,0.25
458178,Peregrine Drake,Dominaria Remastered,peregrine drake,0.25
687530,Skyclave Apparition,Commander: Secrets of Strixhaven,skyclave apparition,0.25
126422,Spire of Industry,Aether Revolt,spire of industry,0.25
531162,Drift of Phantasms,Ravnica Remastered,drift of phantasms,0.25
525759,"Malcolm, Keen-Eyed Navigator",Commander: The Lost Caverns of Ixalan,malcolm keeneyed navigator,0.26
672032,Stalactite Dagger,Lorwyn Eclipsed,stalactite dagger,0.26
11691,Reap and Sow,Darksteel,reap and sow,0.26
625748,"Felothar, Dawn of the Abzan",Promo Pack: Tarkir: Dragonstorm,felothar dawn of the abzan,0.26
457458,Cloud of Faeries,Dominaria Remastered,cloud of faeries,0.26
668459,"Quicksilver, Brash Blur",Marvel Super Heroes,quicksilver brash blur,0.26
631182,Key to the City,Commander: FINAL FANTASY,key to the city,0.27
552632,Barbarian Ring,Modern Horizons 3,barbarian ring,0.27
631249,Battlefield Forge,Commander: FINAL FANTASY,battlefield forge,0.27
624435,Stitcher's Supplier,Commander: Tarkir: Dragonstorm,stitchers supplier,0.27
10255,Liberated Dwarf,Judgment,liberated dwarf,0.27
9460,Dwarven Grunt,Odyssey,dwarven grunt,0.27
57606,Strangleroot Geist,Dark Ascension,strangleroot geist,0.27
10326,Trickery Charm,Onslaught,trickery charm,0.28
215719,Swamp,Core Set 2021,swamp,0.28
108094,Mind Stone,Commander 2015,mind stone,0.28
239843,Skirge Familiar,Modern Horizons 2,skirge familiar,0.28
507155,Loyal Apprentice,Commander Masters,loyal apprentice,0.28
553247,Volatile Fault,Commander: Modern Horizons 3,volatile fault,0.29
556306,Tax Collector,Universes Beyond: Assassin's Creed,tax collector,0.29
544694,Conduit Pylons,Outlaws of Thunder Junction,conduit pylons,0.29
79146,Retraction Helix,Born of the Gods,retraction helix,0.29
697421,Talisman of Progress,Commander: Marvel Super Heroes,talisman of progress,0.3
687534,Shivan Reef,Commander: Secrets of Strixhaven,shivan reef,0.3
495617,Reckless Handling,March of the Machine: The Aftermath,reckless handling,0.3
240341,Tavern Scoundrel,Modern Horizons 2,tavern scoundrel,0.3
7914,Bloodfire Dwarf,Apocalypse,bloodfire dwarf,0.3
697574,Mirage Mirror,Commander: Marvel Super Heroes,mirage mirror,0.31
631156,Chaos Warp,Commander: FINAL FANTASY,chaos warp,0.31
215571,Transmogrify,Core Set 2021,transmogrify,0.31
66550,Dispel,Return to Ravnica,dispel,0.31
67963,Hidden Strings,Dragon's Maze,hidden strings,0.31
525289,Zoyowa's Justice,The Lost Caverns of Ixalan,zoyowas justice,0.31
124455,Divergent Transformations,Commander 2016,divergent transformations,0.31
503401,"Chainer, Dementia Master",Commander Masters,chainer dementia master,0.32
9694,Enslaved Dwarf,Torment,enslaved dwarf,0.32
221854,Confounding Conundrum,Zendikar Rising,confounding conundrum,0.32
688971,Skycoach Conductor,Secrets of Strixhaven,skycoach conductor,0.32
2600,Havenwood Battleground,Classic Sixth Edition,havenwood battleground,0.32
662367,"Smellerbee, Rebel Fighter",Avatar: The Last Airbender: Eternal-Legal,smellerbee rebel fighter,0.32
553283,Sylvan Scrying,Commander: Modern Horizons 3,sylvan scrying,0.32
283402,Anointed Peacekeeper,Dominaria United,anointed peacekeeper,0.32
696275,"Mister Fantastic, Reed Richards",Marvel Super Heroes,mister fantastic reed richards,0.32
233897,Snapback,Time Spiral: Remastered,snapback,0.33
582615,Siren Stormtamer,The List Reprints,siren stormtamer,0.33
457203,Grapeshot,Dominaria Remastered,grapeshot,0.33
262443,March of Wretched Sorrow,Kamigawa: Neon Dynasty,march of wretched sorrow,0.33
169111,"Lena, Selfless Champion",Core Set 2019,lena selfless champion,0.33
633403,"Vaan, Street Thief",FINAL FANTASY,vaan street thief,0.33
583286,Survivors' Encampment,The List Reprints,survivors encampment,0.34
4486,Dwarven Trader,Homelands,dwarven trader,0.34
687588,Yavimaya Coast,Commander: Secrets of Strixhaven,yavimaya coast,0.34
544883,Unlicensed Hearse,Outlaws of Thunder Junction: Breaking News,unlicensed hearse,0.34
498377,Rosie Cotton of South Lane,Universes Beyond: The Lord of the Rings: Tales of Middle-earth,rosie cotton of south lane,0.34
671721,Firdoch Core,Lorwyn Eclipsed,firdoch core,0.35
243588,Asmodeus the Archfiend,Adventures in the Forgotten Realms,asmodeus the archfiend,0.35
590537,Faerie Seer,Foundations Jumpstart,faerie seer,0.35
642857,The Mycosynth Gardens,Commander: Edge of Eternities,the mycosynth gardens,0.35
498609,Ioreth of the Healing House,Universes Beyond: The Lord of the Rings: Tales of Middle-earth,ioreth of the healing house,0.36
526296,Greedy Freebooter,The Lost Caverns of Ixalan,greedy freebooter,0.36
78658,Springleaf Drum,Born of the Gods,springleaf drum,0.36
199514,Plains,Throne of Eldraine,plains,0.36
671202,Devoted Druid,Commander: Lorwyn Eclipsed,devoted druid,0.36
273386,Prized Statue,Commander Legends: Battle for Baldur's Gate,prized statue,0.36
164398,Final Parting,Dominaria,final parting,0.36
491481,Island,Commander: March of the Machine,island,0.36
610768,Lifecraft Engine,Aetherdrift,lifecraft engine,0.37
71316,Aqueous Form,Theros,aqueous form,0.37
230901,Crippling Fear,Kaldheim,crippling fear,0.37
642848,Buried Ruin,Commander: Edge of Eternities,buried ruin,0.38
582867,Skullsnatcher,The List Reprints,skullsnatcher,0.38
559917,Faeburrow Elder,Commander: Bloomburrow,faeburrow elder,0.38
696864,Vision Quest,Marvel Super Heroes,vision quest,0.38
525127,Pit of Offerings,The Lost Caverns of Ixalan,pit of offerings,0.38
519252,Talisman of Curiosity,Universes Beyond: Doctor Who,talisman of curiosity,0.38
247969,Pithing Needle,Innistrad: Midnight Hunt,pithing needle,0.39
552819,Sevinne's Reclamation,Modern Horizons 3,sevinnes reclamation,0.39
90945,Elvish Mystic,Magic 2015 (M15),elvish mystic,0.39
208391,Mountain,Unsanctioned,mountain,0.4
680261,Dream Beavers,Teenage Mutant Ninja Turtles,dream beavers,0.4
100095,Displacement Wave,Magic Origins,displacement wave,0.4
687633,Talisman of Hierarchy,Commander: Secrets of Strixhaven,talisman of hierarchy,0.41
55906,Avacyn's Pilgrim,Innistrad,avacyns pilgrim,0.41
556012,Fatal Push,Universes Beyond: Assassin's Creed,fatal push,0.41
583425,Ricochet Trap,The List Reprints,ricochet trap,0.41
581626,Mothdust Changeling,The List Reprints,mothdust changeling,0.41
679589,"Casey Jones, Back Alley Brute",Commander: Teenage Mutant Ninja Turtles,casey jones back alley brute,0.42
282845,Cut Down,Dominaria United,cut down,0.42
670978,"Abigale, Eloquent First-Year",Lorwyn Eclipsed,abigale eloquent firstyear,0.42
39139,Signal Pest,Mirrodin Besieged,signal pest,0.42
688928,Return the Favor,Secrets of Strixhaven: Mystical Archive,return the favor,0.43
615226,Reckless Fireweaver,Commander: Aetherdrift,reckless fireweaver,0.43
633987,Louisoix's Sacrifice,FINAL FANTASY,louisoixs sacrifice,0.43
615168,Ornithopter of Paradise,Commander: Aetherdrift,ornithopter of paradise,0.43
499590,Ghost Quarter,Commander: The Lord of the Rings: Tales of Middle-earth,ghost quarter,0.43
624158,Archmage Emeritus,Commander: Tarkir: Dragonstorm,archmage emeritus,0.44
182131,"Lavinia, Azorius Renegade",Ravnica Allegiance,lavinia azorius renegade,0.44
581324,Gudul Lurker,The List Reprints,gudul lurker,0.44
72190,Molten Disaster,Commander 2013,molten disaster,0.44
671578,"Tam, Mindful First-Year",Lorwyn Eclipsed,tam mindful firstyear,0.44
591075,Adaptive Automaton,Foundations,adaptive automaton,0.44
590545,Goblin Rabblemaster,Foundations Jumpstart,goblin rabblemaster,0.45
662463,Dramatic Reversal,Avatar: The Last Airbender: Eternal-Legal,dramatic reversal,0.45
243883,Arcane Signet,Commander: Adventures in the Forgotten Realms,arcane signet,0.45
687350,Ominous Harvest,Commander: Secrets of Strixhaven,ominous harvest,0.45
579324,Llanowar Wastes,Commander: Duskmourn: House of Horror,llanowar wastes,0.46
252859,"Thalia, Guardian of Thraben",Innistrad: Crimson Vow,thalia guardian of thraben,0.47
624170,Preordain,Commander: Tarkir: Dragonstorm,preordain,0.47
176619,Forest,Guilds of Ravnica,forest,0.47
697416,Metallic Mimic,Commander: Marvel Super Heroes,metallic mimic,0.49
687618,Culling Ritual,Commander: Secrets of Strixhaven,culling ritual,0.49
11783,Battered Golem,Fifth Dawn,battered golem,0.49
262770,Colossal Skyturtle,Kamigawa: Neon Dynasty,colossal skyturtle,0.49
2835,Blood Pet,7th Edition,blood pet,0.51
552268,Deserted Temple,Modern Horizons 3,deserted temple,0.51
204763,Reality Scramble,The List Reprints,reality scramble,0.51
583661,Leyline of the Void,Promo Pack: Duskmourn: House of Horror,leyline of the void,0.52
67898,Sire of Insanity,Dragon's Maze,sire of insanity,0.52
27177,Patrol Signaler,Eventide,patrol signaler,0.53
56297,Infernal Plunge,Innistrad,infernal plunge,0.55
191572,Universal Automaton,Modern Horizons,universal automaton,0.57
594379,The Jolly Balloon Man,Promo Pack: Duskmourn: House of Horror,the jolly balloon man,0.57
687423,"Rionya, Fire Dancer",Commander: Secrets of Strixhaven,rionya fire dancer,0.58
211996,"Lukka, Coppercoat Outcast",Ikoria: Lair of Behemoths,lukka coppercoat outcast,0.58
583192,Smuggler's Copter,The List Reprints,smugglers copter,0.6
519273,Waterlogged Grove,Universes Beyond: Doctor Who,waterlogged grove,0.6
125849,Trophy Mage,Aether Revolt,trophy mage,0.61
581255,Aven Mindcensor,The List Reprints,aven mindcensor,0.62
544329,Arid Archway,Outlaws of Thunder Junction,arid archway,0.62
47710,Autumn's Veil,Magic 2012 (M12),autumns veil,0.62
82243,Eidolon of Rhetoric,Journey Into Nyx,eidolon of rhetoric,0.62
268782,Shadow of Mortality,Streets of New Capenna,shadow of mortality,0.62
242407,Sanctum Prelate,Buy-A-Box Promos,sanctum prelate,0.63
525285,Echoing Deeps,The Lost Caverns of Ixalan,echoing deeps,0.64
544268,"Magda, the Hoardmaster",Outlaws of Thunder Junction,magda the hoardmaster,0.66
583113,God-Pharaoh's Statue,The List Reprints,godpharaohs statue,0.67
56245,Curiosity,Innistrad,curiosity,0.68
641779,Weftstalker Ardent,Edge of Eternities,weftstalker ardent,0.69
590309,Seat of the Synod,Foundations Jumpstart,seat of the synod,0.7
188217,Neoform,War of the Spark,neoform,0.74
698084,Blasphemous Act,Commander: Marvel Super Heroes,blasphemous act,0.75
687597,Fellwar Stone,Commander: Secrets of Strixhaven,fellwar stone,0.75
461925,Damping Sphere,Dominaria Remastered,damping sphere,0.75
552301,"K'rrik, Son of Yawgmoth",Modern Horizons 3,krrik son of yawgmoth,0.78
78851,Spirit of the Labyrinth,Born of the Gods,spirit of the labyrinth,0.78
697259,"Hammerhead, Maggia Boss",Commander: Marvel Super Heroes,hammerhead maggia boss,0.79
697344,Lightning Bolt,Commander: Marvel Super Heroes,lightning bolt,0.79
591079,Expedition Map,Foundations,expedition map,0.8
190650,Snow-Covered Mountain,Modern Horizons,snowcovered mountain,0.8
590798,Combat Celebrant,Foundations Jumpstart,combat celebrant,0.81
552813,Buried Alive,Modern Horizons 3,buried alive,0.82
553181,Hydroelectric Specimen,Modern Horizons 3,hydroelectric specimen,0.83
645535,"Kavaron, Memorial World",Promo Pack: Edge of Eternities,kavaron memorial world,0.83
533918,Aftermath Analyst,Murders at Karlov Manor,aftermath analyst,0.84
698067,Talisman of Indulgence,Commander: Marvel Super Heroes,talisman of indulgence,0.85
552873,Boggart Trawler,Modern Horizons 3,boggart trawler,0.87
128970,Tandem Lookout,Modern Masters 2017,tandem lookout,0.87
698064,Talisman of Dominance,Commander: Marvel Super Heroes,talisman of dominance,0.87
162141,Oath of Teferi,Dominaria,oath of teferi,0.9
642782,Patrolling Peacemaker,Commander: Edge of Eternities,patrolling peacemaker,0.91
283607,Ertai Resurrected,Dominaria United,ertai resurrected,0.91
262694,Touch the Spirit Realm,Kamigawa: Neon Dynasty,touch the spirit realm,0.91
206460,Gray Merchant of Asphodel,Theros Beyond Death,gray merchant of asphodel,0.92
696560,Avengers Disassembled,Marvel Super Heroes,avengers disassembled,0.97
583018,Ignoble Hierarch,The List Reprints,ignoble hierarch,0.98
630969,Fire Magic,FINAL FANTASY,fire magic,0.98
697417,Relic of Legends,Commander: Marvel Super Heroes,relic of legends,0.99
697506,Fabled Passage,Commander: Marvel Super Heroes,fabled passage,0.99
615096,Gravecrawler,Commander: Aetherdrift,gravecrawler,0.99
552583,Sundering Eruption,Modern Horizons 3,sundering eruption,0.99
697529,Path to Exile,Commander: Marvel Super Heroes,path to exile,1.03
240154,Cursed Totem,Modern Horizons 2,cursed totem,1.03
615181,Treasure Vault,Commander: Aetherdrift,treasure vault,1.03
190652,Snow-Covered Swamp,Modern Horizons,snowcovered swamp,1.04
631307,Incubation Druid,Commander: FINAL FANTASY,incubation druid,1.05
10746,Blood Celebrant,Legions,blood celebrant,1.06
615049,Underground River,Commander: Aetherdrift,underground river,1.06
631594,Sulfurous Springs,Commander: FINAL FANTASY,sulfurous springs,1.06
118676,Nature's Claim,Eternal Masters,natures claim,1.07
548592,Urza's Cave,Modern Horizons 3,urzas cave,1.08
651989,Shadow of the Goblin,Marvel's Spider-Man,shadow of the goblin,1.1
190653,Snow-Covered Forest,Modern Horizons,snowcovered forest,1.1
661961,"Mai, Scornful Striker",Avatar: The Last Airbender,mai scornful striker,1.1
670991,Glen Elendra's Answer,Lorwyn Eclipsed,glen elendras answer,1.13
624196,"Veyran, Voice of Duality",Commander: Tarkir: Dragonstorm,veyran voice of duality,1.14
697109,Swords to Plowshares,Commander: Marvel Super Heroes,swords to plowshares,1.16
581561,Mistblade Shinobi,The List Reprints,mistblade shinobi,1.18
688901,Daze,Secrets of Strixhaven: Mystical Archive,daze,1.19
535300,Insidious Roots,Murders at Karlov Manor,insidious roots,1.21
456789,Eternal Witness,Starter Commander Decks,eternal witness,1.24
222408,Notion Thief,Commander: Zendikar Rising,notion thief,1.27
68363,Slaughter Pact,Modern Masters,slaughter pact,1.28
560057,Maskwood Nexus,Commander: Bloomburrow,maskwood nexus,1.29
481681,Soulless Jailer,Promo Pack: Phyrexia: All Will Be One,soulless jailer,1.29
82377,Brainstorm,Coldsnap Theme Deck Reprints,brainstorm,1.31
687338,Storm-Kiln Artist,Commander: Secrets of Strixhaven,stormkiln artist,1.31
188627,"Ashiok, Dream Render",War of the Spark,ashiok dream render,1.32
9591,Centaur Garden,Odyssey,centaur garden,1.38
687542,Sol Ring,Commander: Secrets of Strixhaven,sol ring,1.38
526401,Altar of the Wretched,Commander: The Lost Caverns of Ixalan,altar of the wretched,1.39
552584,Disruptor Flute,Modern Horizons 3,disruptor flute,1.4
192638,Leyline of Abundance,Core Set 2020,leyline of abundance,1.41
4617,Burnt Offering,Ice Age,burnt offering,1.42
55979,Heartless Summoning,Innistrad,heartless summoning,1.43
651386,Peter Parker's Camera,Marvel's Spider-Man,peter parkers camera,1.44
240043,Persist,Modern Horizons 2,persist,1.44
122643,Botanical Sanctum,Kaladesh,botanical sanctum,1.45
93603,Soot Imp,Duel Decks: Anthology,soot imp,1.45
273376,Manifold Key,Commander Legends: Battle for Baldur's Gate,manifold key,1.46
544865,Surgical Extraction,Outlaws of Thunder Junction: Breaking News,surgical extraction,1.47
1667,Blue Elemental Blast,Fourth Edition,blue elemental blast,1.49
122604,Saheeli Rai,Kaladesh,saheeli rai,1.51
226624,Fyndhorn Elves,Commander Legends,fyndhorn elves,1.52
624168,Ponder,Commander: Tarkir: Dragonstorm,ponder,1.55
145478,Knight of the Reliquary,Iconic Masters,knight of the reliquary,1.55
240055,Dragon's Rage Channeler,Modern Horizons 2,dragons rage channeler,1.56
15298,Sculpting Steel,10th Edition,sculpting steel,1.56
591020,Wishclaw Talisman,Foundations,wishclaw talisman,1.57
552312,Flare of Duplication,Modern Horizons 3,flare of duplication,1.57
553299,Pinnacle Monk,Modern Horizons 3,pinnacle monk,1.57
544849,Abrupt Decay,Outlaws of Thunder Junction: Breaking News,abrupt decay,1.59
243957,Geier Reach Sanitarium,Commander: Adventures in the Forgotten Realms,geier reach sanitarium,1.6
182952,Biomancer's Familiar,Ravnica Allegiance,biomancers familiar,1.63
625743,Warden of the Grove,Promo Pack: Tarkir: Dragonstorm,warden of the grove,1.64
13417,Shred Memory,Ravnica: City of Guilds,shred memory,1.64
519515,Carpet of Flowers,Universes Beyond: Doctor Who,carpet of flowers,1.65
661945,The Unagi of Kyoshi Island,Avatar: The Last Airbender,the unagi of kyoshi island,1.66
583411,Pyrokinesis,The List Reprints,pyrokinesis,1.66
13359,Muddle the Mixture,Ravnica: City of Guilds,muddle the mixture,1.66
651910,Spider-Sense,Marvel's Spider-Man,spidersense,1.67
631124,"Gogo, Mysterious Mime",Commander: FINAL FANTASY,gogo mysterious mime,1.69
226121,"Krark, the Thumbless",Commander Legends,krark the thumbless,1.7
5899,Phyrexian Walker,Visions,phyrexian walker,1.73
697420,Talisman of Creativity,Commander: Marvel Super Heroes,talisman of creativity,1.74
514021,Copy Enchantment,Wilds of Eldraine: Enchanting Tales,copy enchantment,1.76
4919,Tinder Wall,Ice Age,tinder wall,1.76
544422,Lively Dirge,Outlaws of Thunder Junction,lively dirge,1.77
190942,Changeling Outcast,Modern Horizons,changeling outcast,1.77
481674,"Tyvar, Jubilant Brawler",Promo Pack: Phyrexia: All Will Be One,tyvar jubilant brawler,1.79
552621,Strix Serenade,Modern Horizons 3,strix serenade,1.8
455039,Snow-Covered Island,Jumpstart 2022,snowcovered island,1.83
98643,Blinkmoth Nexus,Modern Masters 2015,blinkmoth nexus,1.87
223894,Archon of Emeria,Promo Pack: Zendikar Rising,archon of emeria,1.91
263942,Thousand-Faced Shadow,Promo Pack: Kamigawa: Neon Dynasty,thousandfaced shadow,1.92
552274,Flare of Malice,Modern Horizons 3,flare of malice,1.97
254048,Ghostly Pilferer,Commander: Innistrad: Crimson Vow,ghostly pilferer,1.97
552738,Sowing Mycospawn,Modern Horizons 3,sowing mycospawn,1.98
624539,Clarion Conqueror,Tarkir: Dragonstorm,clarion conqueror,2.04
204544,Galvanic Blast,The List Reprints,galvanic blast,2.08
451925,Mishra's Bauble,The Brothers' War: Retro Frame Artifacts,mishras bauble,2.09
192640,Lotus Field,Core Set 2020,lotus field,2.11
12498,Oboro Breezecaller,Saviors of Kamigawa,oboro breezecaller,2.12
171209,Great Furnace,Commander 2018,great furnace,2.12
624156,Narset's Reversal,Commander: Tarkir: Dragonstorm,narsets reversal,2.15
660545,The Last Agni Kai,Avatar: The Last Airbender,the last agni kai,2.17
110694,Mirrorpool,Oath of the Gatewatch,mirrorpool,2.2
199001,Deafening Silence,Throne of Eldraine,deafening silence,2.22
677290,Goblin Bombardment,Game Day & Store Championship Promos,goblin bombardment,2.27
552814,Vexing Bauble,Modern Horizons 3,vexing bauble,2.32
590713,Ruthless Technomancer,Foundations Jumpstart,ruthless technomancer,2.34
226641,"Rograkh, Son of Rohgahh",Commander Legends,rograkh son of rohgahh,2.36
514332,Virtue of Courage,Promo Pack: Wilds of Eldraine,virtue of courage,2.38
544727,Commandeer,Outlaws of Thunder Junction: Breaking News,commandeer,2.38
642804,Phyrexian Metamorph,Commander: Edge of Eternities,phyrexian metamorph,2.39
263923,"Sokenzan, Crucible of Defiance",Promo Pack: Kamigawa: Neon Dynasty,sokenzan crucible of defiance,2.42
553224,Vesuva,Commander: Modern Horizons 3,vesuva,2.45
693814,Howlsquad Heavy,The List Reprints,howlsquad heavy,2.46
641983,Horizon Explorer,Commander: Edge of Eternities,horizon explorer,2.47
591021,Bolt Bend,Foundations,bolt bend,2.48
199057,Mirrormade,Throne of Eldraine,mirrormade,2.49
552829,Necrodominance,Modern Horizons 3,necrodominance,2.51
581218,An Offer You Can't Refuse,The List Reprints,an offer you cant refuse,2.51
9497,Spark Mage,Odyssey,spark mage,2.52
581235,Clever Impersonator,The List Reprints,clever impersonator,2.53
496170,"Sisay, Weatherlight Captain",The List Reprints,sisay weatherlight captain,2.54
559137,Into the Flood Maw,Bloomburrow,into the flood maw,2.56
204483,Curse of Opulence,The List Reprints,curse of opulence,2.56
37015,Gush,Duel Decks: Jace vs. Chandra,gush,2.57
231875,"Magda, Brazen Outlaw",Promo Pack: Kaldheim,magda brazen outlaw,2.61
13259,Dizzy Spell,Ravnica: City of Guilds,dizzy spell,2.63
642982,Famished Worldsire,Edge of Eternities,famished worldsire,2.64
276336,"Aminatou, the Fateshifter",Double Masters 2022,aminatou the fateshifter,2.64
237403,Baleful Mastery,Promo Pack: Strixhaven,baleful mastery,2.65
13270,Elves of Deep Shadow,Ravnica: City of Guilds,elves of deep shadow,2.66
689148,Angel's Grace,Secrets of Strixhaven: Mystical Archive,angels grace,2.66
624277,Ainok Strike Leader,Commander: Tarkir: Dragonstorm,ainok strike leader,2.68
578922,Vial Smasher the Fierce,Commander: Duskmourn: House of Horror,vial smasher the fierce,2.7
100099,Dark Petition,Magic Origins,dark petition,2.72
36409,Necrotic Ooze,Scars of Mirrodin,necrotic ooze,2.76
541325,Temporal Trespass,Universes Beyond: Assassin's Creed,temporal trespass,2.78
240149,Strike It Rich,Modern Horizons 2,strike it rich,2.8
507595,Throat Slitter,The List Reprints,throat slitter,2.89
161571,Simian Spirit Guide,Masters 25,simian spirit guide,2.89
57673,Grafdigger's Cage,Dark Ascension,grafdiggers cage,2.89
239388,Unmarked Grave,Modern Horizons 2,unmarked grave,2.9
560002,Hazel's Brewmaster,Commander: Bloomburrow,hazels brewmaster,2.96
212143,"Tayam, Luminous Enigma",Commander 2020,tayam luminous enigma,2.98
36237,Memnite,Scars of Mirrodin,memnite,2.98
580763,"Marvin, Murderous Mimic",Promo Pack: Duskmourn: House of Horror,marvin murderous mimic,2.99
109917,Dark Ritual,Revised Edition (Foreign White Border),dark ritual,3.0
544403,Aven Interrupter,Outlaws of Thunder Junction,aven interrupter,3.02
492639,Hope of Ghirapur,The List Reprints,hope of ghirapur,3.03
457270,Elvish Spirit Guide,Dominaria Remastered,elvish spirit guide,3.04
552580,Fell the Profane,Modern Horizons 3,fell the profane,3.1
689149,Brain Freeze,Secrets of Strixhaven: Mystical Archive,brain freeze,3.13
39509,Dismember,New Phyrexia,dismember,3.15
215373,Peer into the Abyss,Core Set 2021,peer into the abyss,3.15
248179,"Teferi, Who Slows the Sunset",Innistrad: Midnight Hunt,teferi who slows the sunset,3.17
481582,"Skrelv, Defector Mite",Promo Pack: Phyrexia: All Will Be One,skrelv defector mite,3.18
126480,Felidar Guardian,Aether Revolt,felidar guardian,3.18
687475,Harmonic Prodigy,Commander: Secrets of Strixhaven,harmonic prodigy,3.21
697282,Doomsday,Commander: Marvel Super Heroes,doomsday,3.27
458224,Snap,Dominaria Remastered,snap,3.31
212174,Crop Rotation,Commander 2020,crop rotation,3.31
559141,Mockingbird,Bloomburrow,mockingbird,3.33
544937,Legion Extruder,Outlaws of Thunder Junction: The Big Score,legion extruder,3.34
71881,From the Ashes,Commander 2013,from the ashes,3.38
463383,Gemstone Mine,Dominaria Remastered,gemstone mine,3.4
1898,Red Elemental Blast,Fourth Edition,red elemental blast,3.41
671244,"Selvala, Heart of the Wilds",Commander: Lorwyn Eclipsed,selvala heart of the wilds,3.45
276762,Aether Vial,Double Masters 2022,aether vial,3.45
552336,Witch Enchanter,Modern Horizons 3,witch enchanter,3.47
204599,Wargate,The List Reprints,wargate,3.49
504503,"Yuriko, the Tiger's Shadow",Commander Masters,yuriko the tigers shadow,3.5
11164,Obliterate,8th Edition,obliterate,3.51
579308,Dryad Arbor,Commander: Duskmourn: House of Horror,dryad arbor,3.55
191057,Collector Ouphe,Modern Horizons,collector ouphe,3.56
1341,Basalt Monolith,Revised Edition,basalt monolith,3.58
221838,Needleverge Pathway,Zendikar Rising,needleverge pathway,3.59
559146,Valley Floodcaller,Bloomburrow,valley floodcaller,3.6
548596,Flare of Denial,Modern Horizons 3,flare of denial,3.61
285591,"Braids, Arisen Nightmare",Promo Pack: Dominaria United,braids arisen nightmare,3.62
120003,Eldritch Evolution,Eldritch Moon,eldritch evolution,3.63
263102,Swift Reconfiguration,Commander: Kamigawa: Neon Dynasty,swift reconfiguration,3.65
698035,Toxic Deluge,Commander: Marvel Super Heroes,toxic deluge,3.65
35627,Voltaic Key,Magic 2011 (M11),voltaic key,3.67
697516,Rejuvenating Springs,Commander: Marvel Super Heroes,rejuvenating springs,3.72
253555,Kessig Flamebreather,Innistrad: Crimson Vow,kessig flamebreather,3.73
273750,Mutavault,Commander Legends: Battle for Baldur's Gate,mutavault,3.76
671173,Endurance,Commander: Lorwyn Eclipsed,endurance,3.78
94441,Thran Dynamo,Commander 2014,thran dynamo,3.79
582671,Submerge,The List Reprints,submerge,3.79
558331,"Glarb, Calamity's Augur",Bloomburrow,glarb calamitys augur,3.8
269717,"Tivit, Seller of Secrets",Commander: Streets of New Capenna,tivit seller of secrets,3.82
192543,Veil of Summer,Core Set 2020,veil of summer,3.87
60035,Clock of Omens,Magic 2013 (M13),clock of omens,3.92
118757,Carrion Feeder,Eternal Masters,carrion feeder,3.93
187125,Emergence Zone,War of the Spark,emergence zone,3.93
541424,Bottle-Cap Blast,Universes Beyond: Fallout,bottlecap blast,3.95
3622,Dwarven Armorer,Fallen Empires,dwarven armorer,3.96
524416,Spelunking,The Lost Caverns of Ixalan,spelunking,3.99
39521,Gitaxian Probe,New Phyrexia,gitaxian probe,3.99
240166,Dauthi Voidwalker,Modern Horizons 2,dauthi voidwalker,4.02
519239,Fiery Islet,Universes Beyond: Doctor Who,fiery islet,4.04
498680,Borne Upon a Wind,Universes Beyond: The Lord of the Rings: Tales of Middle-earth,borne upon a wind,4.11
239836,Liquimetal Torque,Modern Horizons 2,liquimetal torque,4.11
233956,Magus of the Moon,Time Spiral: Remastered,magus of the moon,4.13
6553,Hickory Woodlot,Mercadian Masques,hickory woodlot,4.16
4727,Hydroblast,Ice Age,hydroblast,4.16
212622,"Winota, Joiner of Forces",Ikoria: Lair of Behemoths,winota joiner of forces,4.31
67429,Blind Obedience,Gatecrash,blind obedience,4.32
47629,Phantasmal Image,Magic 2012 (M12),phantasmal image,4.43
204183,Temporal Mastery,The List Reprints,temporal mastery,4.49
625741,Nature's Rhythm,Promo Pack: Tarkir: Dragonstorm,natures rhythm,4.49
193383,"Nicol Bolas, Dragon-God",Promo Pack: Core Set 2020,nicol bolas dragongod,4.54
188386,"Karn, the Great Creator",War of the Spark,karn the great creator,4.55
218810,Manamorphose,Double Masters,manamorphose,4.58
590835,High Fae Trickster,Foundations,high fae trickster,4.59
553202,Horizon of Progress,Commander: Modern Horizons 3,horizon of progress,4.68
145439,Windfall,Iconic Masters,windfall,4.71
15285,Root Maze,10th Edition,root maze,4.71
222434,Beseech the Queen,The List Reprints,beseech the queen,4.72
27069,Banishing Knack,Eventide,banishing knack,4.76
630862,The Darkness Crystal,FINAL FANTASY,the darkness crystal,4.79
161497,Summoner's Pact,Masters 25,summoners pact,4.81
693244,Six,Promo Pack: Secrets of Strixhaven,six,4.81
55910,Gavony Township,Innistrad,gavony township,4.84
35651,Pyretic Ritual,Magic 2011 (M11),pyretic ritual,4.85
544302,Torpor Orb,Outlaws of Thunder Junction: The Big Score,torpor orb,4.87
687375,Animate Dead,Commander: Secrets of Strixhaven,animate dead,4.87
548602,"Phelia, Exuberant Shepherd",Modern Horizons 3,phelia exuberant shepherd,4.87
552859,Springheart Nantuko,Modern Horizons 3,springheart nantuko,4.88
128644,Gifts Ungiven,Modern Masters 2017,gifts ungiven,4.98
226634,"Kediss, Emberclaw Familiar",Commander Legends,kediss emberclaw familiar,5.0
548578,Orim's Chant,Modern Horizons 3,orims chant,5.01
237419,Blade Historian,Promo Pack: Strixhaven,blade historian,5.03
552727,Shifting Woodland,Modern Horizons 3,shifting woodland,5.11
257009,Saw in Half,Unfinity,saw in half,5.13
229209,Blightstep Pathway,Kaldheim,blightstep pathway,5.15
191568,Ephemerate,Modern Horizons,ephemerate,5.15
262746,"Eiganjo, Seat of the Empire",Kamigawa: Neon Dynasty,eiganjo seat of the empire,5.16
39528,Gut Shot,New Phyrexia,gut shot,5.18
457153,Last Chance,Dominaria Remastered,last chance,5.19
175582,"Niv-Mizzet, Parun",Guilds of Ravnica,nivmizzet parun,5.19
548583,Sylvan Safekeeper,Modern Horizons 3,sylvan safekeeper,5.26
2514,Crystal Vein,Classic Sixth Edition,crystal vein,5.29
196533,Sudden Substitution,Commander 2019,sudden substitution,5.31
237407,Professor Onyx,Promo Pack: Strixhaven,professor onyx,5.39
513179,Counterbalance,The List Reprints,counterbalance,5.43
552582,Sink into Stupor,Modern Horizons 3,sink into stupor,5.52
490572,Hoarding Broodlord,March of the Machine,hoarding broodlord,5.55
268665,Professional Face-Breaker,Streets of New Capenna,professional facebreaker,5.57
27666,Ethersworn Canonist,Shards of Alara,ethersworn canonist,5.66
123975,"Bruse Tarl, Boorish Herder",Commander 2016,bruse tarl boorish herder,5.67
590526,Lotus Cobra,Foundations Jumpstart,lotus cobra,5.67
273460,Hullbreaker Horror,Commander Legends: Battle for Baldur's Gate,hullbreaker horror,5.68
124135,"Ishai, Ojutai Dragonspeaker",Commander 2016,ishai ojutai dragonspeaker,5.73
11976,Desperate Ritual,Champions of Kamigawa,desperate ritual,5.75
498305,"Boromir, Warden of the Tower",Universes Beyond: The Lord of the Rings: Tales of Middle-earth,boromir warden of the tower,5.79
512321,Blossoming Tortoise,Wilds of Eldraine,blossoming tortoise,5.79
578915,Gleeful Arsonist,Commander: Duskmourn: House of Horror,gleeful arsonist,5.83
14886,Fleshwrither,Future Sight,fleshwrither,5.84
14103,Rite of Flame,Coldsnap,rite of flame,5.94
218734,Chord of Calling,Double Masters,chord of calling,5.95
192617,Elvish Reclaimer,Core Set 2020,elvish reclaimer,5.99
10244,Dwarven Bloodboiler,Judgment,dwarven bloodboiler,5.99
126329,Whir of Invention,Aether Revolt,whir of invention,6.03
187194,"Teferi, Time Raveler",War of the Spark,teferi time raveler,6.23
553207,Lazotep Quarry,Commander: Modern Horizons 3,lazotep quarry,6.27
519996,Snuff Out,Universes Beyond: Doctor Who,snuff out,6.34
559733,Pollywog Prodigy,Commander: Bloomburrow,pollywog prodigy,6.39
451966,Defense Grid,The Brothers' War: Retro Frame Artifacts,defense grid,6.41
697454,Spectator Seating,Commander: Marvel Super Heroes,spectator seating,6.43
2424,Urza's Bauble,Fifth Edition,urzas bauble,6.49
656703,Hallowed Fountain,Lorwyn Eclipsed,hallowed fountain,6.49
504533,Imp's Mischief,Commander Masters,imps mischief,6.53
32748,Twincast,Magic 2010 (M10),twincast,6.55
614435,Willowrush Verge,Aetherdrift,willowrush verge,6.66
263105,Imposter Mech,Commander: Kamigawa: Neon Dynasty,imposter mech,6.66
582828,Rain of Filth,The List Reprints,rain of filth,6.75
646661,Multiversal Passage,Marvel's Spider-Man,multiversal passage,6.77
272914,Archivist of Oghma,Commander Legends: Battle for Baldur's Gate,archivist of oghma,6.87
12588,Blood Moon,9th Edition,blood moon,6.91
39555,Noxious Revival,New Phyrexia,noxious revival,6.93
673622,Cool but Rude,Teenage Mutant Ninja Turtles,cool but rude,7.01
66547,Deathrite Shaman,Return to Ravnica,deathrite shaman,7.01
190724,Flusterstorm,Buy-A-Box Promos,flusterstorm,7.03
603078,Force of Despair,Secret Lair Showdown,force of despair,7.14
31822,Time Sieve,Alara Reborn,time sieve,7.17
28556,Kederekt Parasite,Conflux,kederekt parasite,7.2
35659,Silence,Magic 2011 (M11),silence,7.23
46952,Stranglehold,Commander,stranglehold,7.24
131911,"Derevi, Empyrial Tactician",Commander Anthology,derevi empyrial tactician,7.3
1550,Sacrifice,Revised Edition,sacrifice,7.35
226122,"Tevesh Szat, Doom of Fools",Commander Legends,tevesh szat doom of fools,7.35
693603,Arena of Glory,The List Reprints,arena of glory,7.37
227296,"Nezahal, Primal Tide",Commander Legends,nezahal primal tide,7.4
631496,Walking Ballista,Commander: FINAL FANTASY,walking ballista,7.41
243290,Xorn,Adventures in the Forgotten Realms,xorn,7.43
175203,Temple Garden,Guilds of Ravnica,temple garden,7.46
226959,Command Beacon,Commander Legends,command beacon,7.49
488273,Mount Doom,Universes Beyond: The Lord of the Rings: Tales of Middle-earth,mount doom,7.5
4307,Culling the Weak,Exodus,culling the weak,7.59
96362,"Sidisi, Undead Vizier",Dragons of Tarkir,sidisi undead vizier,7.59
222561,Training Grounds,The List Reprints,training grounds,7.71
499611,Reanimate,Commander: The Lord of the Rings: Tales of Middle-earth,reanimate,7.72
199288,Castle Garenbrig,Throne of Eldraine,castle garenbrig,7.73
656667,Formidable Speaker,Lorwyn Eclipsed,formidable speaker,7.73
519221,Flesh Duplicate,Universes Beyond: Doctor Who,flesh duplicate,7.77
226941,Wheel of Misfortune,Commander Legends,wheel of misfortune,7.8
631607,Starting Town,FINAL FANTASY,starting town,7.83
526909,"Chimil, the Inner Sun",Promo Pack: The Lost Caverns of Ixalan,chimil the inner sun,7.89
39544,Mindcrank,New Phyrexia,mindcrank,7.9
693443,Breath of Fury,Secret Lair Drop Series,breath of fury,7.95
4848,Pyroblast,Ice Age,pyroblast,7.96
192521,Scheming Symmetry,Core Set 2020,scheming symmetry,7.96
662013,Demonic Consultation,Secret Lair Countdown Kit,demonic consultation,7.99
544870,Force of Vigor,Outlaws of Thunder Junction: Breaking News,force of vigor,8.04
504491,"Sun Quan, Lord of Wu",Commander Masters,sun quan lord of wu,8.12
145267,Growing Rites of Itlimoc,Ixalan,growing rites of itlimoc,8.15
5753,Steal Enchantment,Tempest,steal enchantment,8.17
576504,Untimely Malfunction,Duskmourn: House of Horror,untimely malfunction,8.18
192896,Glint-Horn Buccaneer,Core Set 2020,glinthorn buccaneer,8.27
631106,Tataru Taru,Commander: FINAL FANTASY,tataru taru,8.4
196429,Sanctum of Eternity,Commander 2019,sanctum of eternity,8.4
583150,Paradise Mantle,The List Reprints,paradise mantle,8.49
262832,"Yoshimaru, Ever Faithful",Commander: Kamigawa: Neon Dynasty,yoshimaru ever faithful,8.51
284314,Chain of Smog,The List Reprints,chain of smog,8.53
39543,Mental Misstep,New Phyrexia,mental misstep,8.62
176839,Mnemonic Betrayal,Guilds of Ravnica,mnemonic betrayal,8.62
4751,Jeweled Amulet,Ice Age,jeweled amulet,8.69
642791,Swan Song,Commander: Edge of Eternities,swan song,8.71
273676,Deep Gnome Terramancer,Commander Legends: Battle for Baldur's Gate,deep gnome terramancer,8.77
656709,Overgrown Tomb,Lorwyn Eclipsed,overgrown tomb,8.93
448834,"Slicer, Hired Muscle",Universes Beyond: Transformers,slicer hired muscle,8.94
187141,"Jace, Wielder of Mysteries",War of the Spark,jace wielder of mysteries,8.97
123979,"Kraum, Ludevic's Opus",Commander 2016,kraum ludevics opus,8.98
638911,Godless Shrine,Edge of Eternities,godless shrine,9.01
656687,Blood Crypt,Lorwyn Eclipsed,blood crypt,9.06
638914,Watery Grave,Edge of Eternities,watery grave,9.07
698193,Birds of Paradise,Commander: Marvel Super Heroes,birds of paradise,9.12
4815,Mystic Remora,Ice Age,mystic remora,9.16
192644,"Vilis, Broker of Blood",Core Set 2020,vilis broker of blood,9.19
544838,Mindbreak Trap,Outlaws of Thunder Junction: Breaking News,mindbreak trap,9.23
541279,"Ajani, Nacatl Pariah",Modern Horizons 3,ajani nacatl pariah,9.27
698116,Luxury Suite,Commander: Marvel Super Heroes,luxury suite,9.32
575076,"Kaito, Bane of Nightmares",Duskmourn: House of Horror,kaito bane of nightmares,9.39
638910,Breeding Pool,Edge of Eternities,breeding pool,9.41
192222,"Chandra, Awakened Inferno",Core Set 2020,chandra awakened inferno,9.5
123981,"Silas Renn, Seeker Adept",Commander 2016,silas renn seeker adept,9.63
222030,Shatterskull Smashing,Zendikar Rising,shatterskull smashing,9.68
276798,Forbidden Orchard,Double Masters 2022,forbidden orchard,9.72
206642,Underworld Breach,Theros Beyond Death,underworld breach,9.89
190867,Goblin Engineer,Modern Horizons,goblin engineer,9.94
532911,Raucous Theater,Murders at Karlov Manor,raucous theater,9.95
648709,Redirect Lightning,Avatar: The Last Airbender,redirect lightning,9.99
67321,Sacred Foundry,Gatecrash,sacred foundry,10.04
698008,Black Market Connections,Commander: Marvel Super Heroes,black market connections,10.07
230206,Tibalt's Trickery,Kaldheim,tibalts trickery,10.1
576518,Gloomlake Verge,Duskmourn: House of Horror,gloomlake verge,10.26
116371,Cryptolith Rite,Shadows over Innistrad,cryptolith rite,10.44
98387,Noble Hierarch,Modern Masters 2015,noble hierarch,10.59
14311,Ophidian Eye,Time Spiral,ophidian eye,10.59
161473,Eladamri's Call,Masters 25,eladamris call,10.62
452480,Rootpath Purifier,Commander: The Brothers' War,rootpath purifier,10.67
688831,Ad Nauseam,Secrets of Strixhaven: Mystical Archive,ad nauseam,10.84
552320,Jet Medallion,Modern Horizons 3,jet medallion,10.99
287522,Clown Car,Unfinity,clown car,11.0
39423,Praetor's Grasp,New Phyrexia,praetors grasp,11.03
190865,Giver of Runes,Modern Horizons,giver of runes,11.14
687365,Faerie Mastermind,Commander: Secrets of Strixhaven,faerie mastermind,11.17
697059,"Shang-Chi, Master of Kung Fu",Marvel Super Heroes,shangchi master of kung fu,11.25
12811,Seething Song,9th Edition,seething song,11.27
92832,Windswept Heath,Khans of Tarkir,windswept heath,11.38
671780,Moonshadow,Lorwyn Eclipsed,moonshadow,11.45
66420,Steam Vents,Return to Ravnica,steam vents,11.52
262420,"Takenuma, Abandoned Mire",Kamigawa: Neon Dynasty,takenuma abandoned mire,11.56
149174,Misdirection,Duel Decks: Merfolk vs. Goblins,misdirection,11.73
553171,Eldrazi Confluence,Commander: Modern Horizons 3,eldrazi confluence,11.79
498682,"Lotho, Corrupt Shirriff",Universes Beyond: The Lord of the Rings: Tales of Middle-earth,lotho corrupt shirriff,11.89
109194,Strip Mine,Fourth Edition (Foreign White Border),strip mine,12.0
679620,City of Brass,Commander: Teenage Mutant Ninja Turtles,city of brass,12.07
10221,Balthor the Defiled,Judgment,balthor the defiled,12.17
14406,Trickbind,Time Spiral,trickbind,12.35
490335,Invasion of Ikoria,March of the Machine,invasion of ikoria,12.41
455226,Emiel the Blessed,Jumpstart 2022,emiel the blessed,12.55
207719,Idyllic Tutor,Promo Pack: Theros Beyond Death,idyllic tutor,12.55
284318,Contamination,The List Reprints,contamination,12.61
580688,Enduring Vitality,Prerelease Cards,enduring vitality,12.65
545340,Sphere of Resistance,Secret Lair Drop Series,sphere of resistance,12.79
203020,Bloom Tender,The List Reprints,bloom tender,12.86
285803,Marneus Calgar,"Universes Beyond: Warhammer 40,000",marneus calgar,12.98
580718,Abhorrent Oculus,Promo Pack: Duskmourn: House of Horror,abhorrent oculus,13.15
9616,Cabal Ritual,Torment,cabal ritual,13.16
662089,Wasteland,Secret Lair Countdown Kit,wasteland,13.21
10327,Chain of Vapor,Onslaught,chain of vapor,13.35
12249,Disrupting Shoal,Betrayers of Kamigawa,disrupting shoal,13.49
212623,"Kinnan, Bonder Prodigy",Ikoria: Lair of Behemoths,kinnan bonder prodigy,13.54
532905,Undercity Sewers,Murders at Karlov Manor,undercity sewers,13.56
135056,"Razaketh, the Foulblooded",Hour of Devastation,razaketh the foulblooded,13.58
580722,"Valgavoth, Terror Eater",Promo Pack: Duskmourn: House of Horror,valgavoth terror eater,13.85
644286,Icetill Explorer,Edge of Eternities,icetill explorer,13.92
282840,"Dihada, Binder of Wills",Commander: Dominaria United,dihada binder of wills,13.98
239769,Imperial Recruiter,Modern Horizons 2,imperial recruiter,13.98
683153,Warren Soultrader,Promo Pack: Lorwyn Eclipsed,warren soultrader,14.06
212115,Drannith Magistrate,Ikoria: Lair of Behemoths,drannith magistrate,14.1
132193,Thousand-Year Elixir,Commander Anthology,thousandyear elixir,14.28
696324,King T'Challa,Marvel Super Heroes,king tchalla,14.33
6461,Cave-In,Mercadian Masques,cavein,14.33
504612,Ashnod's Altar,Commander Masters,ashnods altar,14.37
221351,Vault of Champions,Commander Legends,vault of champions,14.39
240045,"Yavimaya, Cradle of Growth",Modern Horizons 2,yavimaya cradle of growth,14.53
92828,Flooded Strand,Khans of Tarkir,flooded strand,14.7
254611,"Shinka, the Bloodsoaked Keep",The List Reprints,shinka the bloodsoaked keep,14.7
3896,Hammerheim,Legends,hammerheim,14.78
9748,Insidious Dreams,Torment,insidious dreams,14.84
457091,"Urza, Lord High Artificer",Dominaria Remastered,urza lord high artificer,14.96
479312,All Will Be One,Phyrexia: All Will Be One,all will be one,15.25
532918,Thundering Falls,Murders at Karlov Manor,thundering falls,15.46
2559,Final Fortune,Classic Sixth Edition,final fortune,15.49
52206,Snapcaster Mage,Innistrad,snapcaster mage,15.59
161358,Chalice of the Void,Masters 25,chalice of the void,15.72
167811,Spellseeker,Battlebond,spellseeker,15.8
221884,"Ashaya, Soul of the Wild",Zendikar Rising,ashaya soul of the wild,15.83
239741,Subtlety,Modern Horizons 2,subtlety,15.87
187187,Bolas's Citadel,War of the Spark,bolass citadel,16.01
503577,Grand Abolisher,Commander Masters,grand abolisher,16.29
697202,Impossible Man,Commander: Marvel Super Heroes,impossible man,16.37
180772,Gamble,Ultimate Masters,gamble,16.43
4639,Dance of the Dead,Ice Age,dance of the dead,16.47
457199,Mystical Tutor,Dominaria Remastered,mystical tutor,16.53
541277,Wooded Foothills,Modern Horizons 3,wooded foothills,16.61
57248,Entomb,Premium Deck Series: Graveborn,entomb,16.64
453952,Diabolic Intent,Promo Pack: The Brothers' War,diabolic intent,16.65
643701,Knuckles the Echidna,Secret Lair Drop Series,knuckles the echidna,16.87
221359,Training Center,Commander Legends,training center,17.14
233786,Pact of Negation,Time Spiral: Remastered,pact of negation,17.24
240841,Grand Arbiter Augustin IV,The List Reprints,grand arbiter augustin iv,17.28
623897,Voice of Victory,Tarkir: Dragonstorm,voice of victory,17.28
277214,Warrior's Oath,Double Masters 2022,warriors oath,17.32
92830,Bloodstained Mire,Khans of Tarkir,bloodstained mire,17.58
451928,Altar of Dementia,The Brothers' War: Retro Frame Artifacts,altar of dementia,17.78
5890,Necromancy,Visions,necromancy,17.85
267055,Sea of Clouds,Commander Legends: Battle for Baldur's Gate,sea of clouds,17.86
514313,Beseech the Mirror,Promo Pack: Wilds of Eldraine,beseech the mirror,17.93
226314,Opposition Agent,Commander Legends,opposition agent,17.99
695490,"Boseiju, Who Shelters All",Secret Lair Drop Series,boseiju who shelters all,18.11
657755,Super Shredder,Teenage Mutant Ninja Turtles,super shredder,18.12
495606,"Ob Nixilis, Captive Kingpin",March of the Machine: The Aftermath,ob nixilis captive kingpin,18.32
230163,"Esika, God of the Tree",Kaldheim,esika god of the tree,18.45
541274,Polluted Delta,Modern Horizons 3,polluted delta,18.69
9604,Tarnished Citadel,Odyssey,tarnished citadel,18.74
11802,Grinding Station,Fifth Dawn,grinding station,19.0
454840,Pirated Copy,Jumpstart 2022,pirated copy,19.45
645523,"Tezzeret, Cruel Captain",Promo Pack: Edge of Eternities,tezzeret cruel captain,19.88
216559,"Linvala, Keeper of Silence",Jumpstart,linvala keeper of silence,20.06
541369,"Lumra, Bellow of the Woods",Bloomburrow,lumra bellow of the woods,20.1
33265,Bloodchief Ascension,Zendikar,bloodchief ascension,20.16
614418,Riverpyre Verge,Aetherdrift,riverpyre verge,20.32
671005,Hexing Squelcher,Lorwyn Eclipsed,hexing squelcher,20.38
550812,Goblin Welder,Secret Lair Drop Series,goblin welder,21.9
525710,Charismatic Conqueror,Commander: The Lost Caverns of Ixalan,charismatic conqueror,22.25
70787,Tangle Wire,From the Vault: Twenty,tangle wire,22.31
282900,Tiller Engine,Commander: Dominaria United,tiller engine,23.92
206926,Thassa's Oracle,Theros Beyond Death,thassas oracle,23.95
648732,The Cabbage Merchant,Avatar: The Last Airbender: Eternal-Legal,the cabbage merchant,24.05
5814,City of Solitude,Visions,city of solitude,24.52
504569,"Mikaeus, the Unhallowed",Commander Masters,mikaeus the unhallowed,24.8
696856,Prismatic Vista,Secret Lair Drop Series,prismatic vista,25.22
2804,Worldly Tutor,Classic Sixth Edition,worldly tutor,25.42
215341,Grim Tutor,Core Set 2021,grim tutor,25.66
552852,Phyrexian Tower,Modern Horizons 3,phyrexian tower,26.08
249500,The Meathook Massacre,Promo Pack: Innistrad: Midnight Hunt,the meathook massacre,26.25
495610,"Nissa, Resurgent Animist",March of the Machine: The Aftermath,nissa resurgent animist,26.56
625928,Deadly Rollick,Secret Lair Drop Series,deadly rollick,26.62
238611,Verdant Catacombs,Modern Horizons 2,verdant catacombs,26.94
262434,"Otawara, Soaring City",Kamigawa: Neon Dynasty,otawara soaring city,27.2
39050,Green Sun's Zenith,Mirrodin Besieged,green suns zenith,27.26
730,Natural Order,Portal,natural order,27.57
118417,Sylvan Library,Eternal Masters,sylvan library,27.66
11981,Dosan the Falling Leaf,Champions of Kamigawa,dosan the falling leaf,27.68
166662,Morphic Pool,Battlebond,morphic pool,28.0
222163,Agadeem's Awakening,Zendikar Rising,agadeems awakening,28.62
124011,Tymna the Weaver,Commander 2016,tymna the weaver,28.69
238607,Arid Mesa,Modern Horizons 2,arid mesa,28.7
553235,Talon Gates of Madara,Commander: Modern Horizons 3,talon gates of madara,29.32
66473,Cyclonic Rift,Return to Ravnica,cyclonic rift,29.53
11660,Trinisphere,Darksteel,trinisphere,29.56
662017,Field of the Dead,Secret Lair Countdown Kit,field of the dead,29.58
498414,Delighted Halfling,Universes Beyond: The Lord of the Rings: Tales of Middle-earth,delighted halfling,29.68
512079,Serra Ascendant,The List Reprints,serra ascendant,30.18
238608,Marsh Flats,Modern Horizons 2,marsh flats,30.51
272901,Displacer Kitten,Commander Legends: Battle for Baldur's Gate,displacer kitten,30.87
457084,"Yawgmoth, Thran Physician",Dominaria Remastered,yawgmoth thran physician,31.09
39058,Consecrated Sphinx,Mirrodin Besieged,consecrated sphinx,31.26
457191,Exploration,Dominaria Remastered,exploration,32.2
235648,Tainted Pact,Strixhaven: Mystical Archive,tainted pact,32.54
230903,"Birgi, God of Storytelling",Kaldheim,birgi god of storytelling,32.57
82224,Mana Confluence,Journey Into Nyx,mana confluence,32.7
226675,Scroll Rack,Commander Legends,scroll rack,32.85
536706,"Delney, Streetwise Lookout",Promo Pack: Murders at Karlov Manor,delney streetwise lookout,33.24
240037,Solitude,Modern Horizons 2,solitude,33.5
453931,Portal to Phyrexia,Promo Pack: The Brothers' War,portal to phyrexia,33.64
124661,"Thrasios, Triton Hero",Commander 2016,thrasios triton hero,33.76
18012,Maralen of the Mornsong,Morningtide,maralen of the mornsong,33.8
5615,Lotus Petal,Tempest,lotus petal,33.98
227010,Sakashima of a Thousand Faces,Commander Legends,sakashima of a thousand faces,34.39
222356,Enlightened Tutor,The List Reprints,enlightened tutor,35.01
238609,Misty Rainforest,Modern Horizons 2,misty rainforest,35.53
660516,"Wan Shi Tong, Librarian",Avatar: The Last Airbender,wan shi tong librarian,35.87
514318,Agatha's Soul Cauldron,Promo Pack: Wilds of Eldraine,agathas soul cauldron,36.08
2290,Necropotence,Fifth Edition,necropotence,36.75
217288,Chromatic Orrery,Promo Pack: Core Set 2021,chromatic orrery,37.24
533194,Ranger-Captain of Eos,The List Reprints,rangercaptain of eos,37.73
631015,Vivi Ornitier,FINAL FANTASY,vivi ornitier,37.78
238610,Scalding Tarn,Modern Horizons 2,scalding tarn,38.31
222038,Sea Gate Restoration,Zendikar Rising,sea gate restoration,40.05
273798,Jeska's Will,Commander Legends: Battle for Baldur's Gate,jeskas will,40.53
552863,Ocelot Pride,Modern Horizons 3,ocelot pride,40.69
238619,Urza's Saga,Modern Horizons 2,urzas saga,41.59
276918,Food Chain,Double Masters 2022,food chain,42.64
239857,"Ragavan, Nimble Pilferer",Modern Horizons 2,ragavan nimble pilferer,43.41
276270,Sensei's Divining Top,Double Masters 2022,senseis divining top,43.41
200253,Finale of Devastation,Promo Pack: Throne of Eldraine,finale of devastation,44.54
168720,Scapeshift,Core Set 2019,scapeshift,47.06
210402,Amulet of Vigor,The List Reprints,amulet of vigor,49.24
660570,Badgermole Cub,Avatar: The Last Airbender,badgermole cub,49.35
498367,Orcish Bowmasters,Universes Beyond: The Lord of the Rings: Tales of Middle-earth,orcish bowmasters,49.47
526899,Roaming Throne,Promo Pack: The Lost Caverns of Ixalan,roaming throne,49.48
109050,Mana Vault,Fourth Edition (Foreign White Border),mana vault,50.0
183033,Smothering Tithe,Ravnica Allegiance,smothering tithe,50.01
262050,"Boseiju, Who Endures",Kamigawa: Neon Dynasty,boseiju who endures,50.05
276322,Allosaurus Shepherd,Double Masters 2022,allosaurus shepherd,50.6
14244,Gemstone Caverns,Time Spiral,gemstone caverns,50.65
229291,Cavern of Souls,The List Reprints,cavern of souls,51.51
190647,Force of Negation,Modern Horizons,force of negation,52.12
71039,"Nykthos, Shrine to Nyx",Theros,nykthos shrine to nyx,52.15
544246,Mana Drain,Outlaws of Thunder Junction: Breaking News,mana drain,52.66
226134,Vampiric Tutor,Commander Legends,vampiric tutor,53.35
6027,Firestorm,Weatherlight,firestorm,53.58
212218,Fierce Guardianship,Commander 2020,fierce guardianship,53.89
210357,"Minamo, School at Water's Edge",The List Reprints,minamo school at waters edge,54.84
91106,"Urborg, Tomb of Yawgmoth",Magic 2015 (M15),urborg tomb of yawgmoth,55.55
240035,Esper Sentinel,Modern Horizons 2,esper sentinel,57.79
7357,Rhystic Study,Prophecy,rhystic study,61.53
448932,Copy Artifact,30th Anniversary Edition,copy artifact,61.75
449583,Force of Will,Dominaria Remastered,force of will,62.64
1388,Demonic Tutor,Revised Edition,demonic tutor,63.94
212191,Deflecting Swat,Commander 2020,deflecting swat,65.34
697204,"Loki, Lord of Misrule",Commander: Marvel Super Heroes,loki lord of misrule,67.05
513295,"Greymond, Avacyn's Stalwart",SLX Cards,greymond avacyns stalwart,67.34
162125,Mox Amber,Dominaria,mox amber,75.78
282800,"Sheoldred, the Apocalypse",Dominaria United,sheoldred the apocalypse,96.04
5226,Shallow Grave,Mirage,shallow grave,99.75
487805,The One Ring,Universes Beyond: The Lord of the Rings: Tales of Middle-earth,the one ring,106.14
6076,Null Rod,Weatherlight,null rod,113.7
248672,Ancient Tomb,The List Reprints,ancient tomb,125.97
118410,Chrome Mox,Eternal Masters,chrome mox,152.41
276288,Imperial Seal,Double Masters 2022,imperial seal,163.39
449167,Savannah,30th Anniversary Edition,savannah,195.82
449165,Plateau,30th Anniversary Edition,plateau,200.0
110113,Wheel of Fortune,Revised Edition (Foreign White Border),wheel of fortune,210.0
449164,Bayou,30th Anniversary Edition,bayou,232.81
98395,Mox Opal,Modern Masters 2015,mox opal,234.22
449163,Badlands,30th Anniversary Edition,badlands,235.61
7118,Yawgmoth's Will,Urza's Saga,yawgmoths will,245.26
5529,Earthcraft,Tempest,earthcraft,260.45
449170,Tropical Island,30th Anniversary Edition,tropical island,275.0
449171,Tundra,30th Anniversary Edition,tundra,278.32
449169,Taiga,30th Anniversary Edition,taiga,300.0
449173,Volcanic Island,30th Anniversary Edition,volcanic island,305.76
449168,Scrubland,30th Anniversary Edition,scrubland,314.6
5593,Intuition,Tempest,intuition,356.55
449172,Underground Sea,30th Anniversary Edition,underground sea,393.31
3330,Transmute Artifact,Antiquities,transmute artifact,396.45
4416,Survival of the Fittest,Exodus,survival of the fittest,396.95
6323,Grim Monolith,Urza's Legacy,grim monolith,470.23
3963,Nether Void,Legends,nether void,507.99
4303,City of Traitors,Exodus,city of traitors,538.42
448965,Timetwister,30th Anniversary Edition,timetwister,798.33
5129,Lion's Eye Diamond,Mirage,lions eye diamond,816.91
5382,Mox Diamond,Stronghold,mox diamond,1128.58
3825,Chains of Mephistopheles,Legends,chains of mephistopheles,1183.06
6883,Gaea's Cradle,Urza's Saga,gaeas cradle,1622.57
4046,The Tabernacle at Pendrell Vale,Legends,the tabernacle at pendrell vale,2899.99
