name,productId,set,tcg,ck,mp
Esper Sentinel,240035,,57.79,69.99,62.77
Faerie Mastermind,687365,,11.17,14.99,9.88
Grand Abolisher,544936,,17.71,20.99,16.49
Hexing Squelcher,671005,,20.38,27.99,19.52
King T'Challa,696324,,14.33,16.99,
"Lotho, Corrupt Shirriff",498682,,11.89,16.99,12.34
Memnite,36237,,2.98,2.79,1.64
Mockingbird,559141,,3.33,4.99,2.95
Opposition Agent,226314,,17.99,22.99,18.75
Orcish Bowmasters,498367,,49.47,54.99,50.54
Professional Face-Breaker,631136,,6.13,7.99,5.39
"Ragavan, Nimble Pilferer",239857,,43.41,54.99,46.33
Ranger-Captain of Eos,190873,,37.83,54.99,38.88
Simian Spirit Guide,233914,,3.25,3.99,3.25
Tataru Taru,631106,,8.4,9.99,8.3
Thassa's Oracle,206926,,23.95,27.99,19.39
Valley Floodcaller,559146,,3.6,5.49,3.6
Voice of Victory,623897,,17.28,27.99,17.58
Arcane Signet,687531,,0.48,0.79,0.39
Chrome Mox,11467,,176.05,54.99,39.59
Lion's Eye Diamond,5129,,816.91,899.99,890.91
Lotus Petal,5615,,33.98,42.99,35.07
Mana Vault,1492,,101.47,109.99,93.78
Mox Amber,162125,,75.78,94.99,81.27
Mox Diamond,5382,,1128.58,1499.99,1405.65
Mox Opal,36238,,246.35,249.99,229.24
Sol Ring,687542,,1.38,2.29,1.35
Wishclaw Talisman,591020,,1.57,3.49,2.04
Ad Nauseam,688831,,10.84,9.99,10.42
An Offer You Can't Refuse,590828,,2.64,4.49,2.24
Borne Upon a Wind,498680,,4.11,4.99,3.83
Brain Freeze,689149,,3.13,4.49,2.75
Cabal Ritual,9616,,13.16,18.99,13.54
Chain of Vapor,10327,,13.35,10.99,9.77
Commandeer,544727,,2.38,4.49,1.82
Culling the Weak,688899,,10.56,9.99,7.29
Dark Ritual,1381,,4.66,4.49,3.63
Deflecting Swat,212191,,65.34,94.99,68.48
Demonic Consultation,4644,,8.33,8.99,5.21
Dispel,105594,,0.38,0.39,0.2
Enlightened Tutor,5051,,36.89,37.99,25.1
Fierce Guardianship,212218,,53.89,79.99,56.83
Final Fortune,5063,,21.05,10.99,9.32
Flusterstorm,690169,,8.69,7.49,6.18
Force of Negation,190647,,52.12,69.99,48.95
Force of Will,686637,,64.37,32.99,20.25
Into the Flood Maw,559137,,2.56,3.99,1.92
Intuition,5593,,356.55,499.99,416.8
Mental Misstep,39543,,8.62,7.99,6.08
Mindbreak Trap,544838,,9.23,10.99,6.76
Mystical Tutor,5159,,18.02,20.99,16.63
Pact of Negation,233786,,17.24,21.99,16.38
Rain of Filth,6992,,9.44,8.99,4.86
Red Elemental Blast,1537,,3.62,4.99,3.48
Silence,69953,,10.59,11.99,7.81
Swan Song,642791,,8.71,13.99,8.66
Tainted Pact,235648,,32.54,37.99,31.26
Vampiric Tutor,686552,,57.62,54.99,48.25
Beseech the Mirror,689922,,26.06,23.99,20.23
Demonic Tutor,1388,,63.94,69.99,61.47
Diabolic Intent,452124,,18.05,18.99,15.08
Gamble,461900,,17.55,19.99,16.67
Gitaxian Probe,39521,,3.99,4.99,3.34
Imperial Seal,276288,,163.39,199.99,171.93
Mnemonic Betrayal,176839,,8.62,9.49,8.33
Rite of Flame,215322,,6.1,5.99,5.19
Sevinne's Reclamation,687520,,0.65,0.99,0.15
Mystic Remora,4815,,9.16,11.99,10.31
Necropotence,509515,,38.92,24.99,32.08
Rhystic Study,7357,,61.53,74.99,58.31
Smothering Tithe,183033,,50.01,59.99,53.14
Underworld Breach,206642,,9.89,10.99,7.8
Ancient Tomb,5457,,127.73,57.99,70.84
Arid Mesa,238607,,28.7,39.99,30.72
Badlands,1339,,533.06,279.99,250.16
Bloodstained Mire,541275,,17.8,20.99,13.54
Cavern of Souls,58842,,52.19,54.99,48.84
City of Brass,679620,,12.07,15.99,10.24
City of Traitors,4303,,538.42,57.99,90.04
Command Tower,687664,,0.26,0.59,0.2
Exotic Orchard,687675,,0.24,0.49,0.15
Flooded Strand,541276,,17.61,18.99,14.06
Gemstone Caverns,14244,,50.65,69.99,55.94
Mana Confluence,82224,,32.7,47.99,35.06
Marsh Flats,238608,,30.51,42.99,29.69
Misty Rainforest,238609,,35.53,39.99,36.45
"Otawara, Soaring City",262434,,27.2,42.99,28.13
Plateau,1527,,375.14,199.99,255.27
Polluted Delta,541274,,18.69,27.99,18.72
Scalding Tarn,238610,,38.31,44.99,39.58
Scrubland,1556,,435.57,299.99,304.14
Starting Town,631607,,7.83,10.99,7.43
Tarnished Citadel,9604,,18.74,5.49,4.22
Tundra,1597,,670.58,279.99,318.64
Underground Sea,1599,,987.2,329.99,573.07
Verdant Catacombs,238611,,26.94,37.99,29.06
Volcanic Island,1608,,871.87,499.99,386.56
Windswept Heath,541272,,11.46,12.99,9.37
"Kraum, Ludevic's Opus",123979,,8.98,2.99,2.37
Tymna the Weaver,124011,,28.69,13.99,11.12
Abhorrent Oculus,578053,,14.28,21.99,13.8
Archivist of Oghma,272914,,6.87,9.49,6.4
Avacyn's Pilgrim,55906,,0.41,1.79,0.38
Badgermole Cub,660570,,49.35,79.99,48.97
Biomancer's Familiar,182952,,1.63,2.99,1.23
Birds of Paradise,698193,,9.12,12.99,5.48
Deathrite Shaman,66547,,7.01,5.99,5.75
Devoted Druid,671202,,0.36,0.79,0.31
Elvish Spirit Guide,457270,,3.04,2.49,2.44
Enduring Vitality,578080,,15.55,16.99,15.1
Eternal Witness,553530,,1.89,1.49,1.26
Formidable Speaker,656667,,7.73,10.99,7.11
Hazel's Brewmaster,560002,,2.96,3.99,1.85
High Fae Trickster,590835,,4.59,8.99,4.27
Noble Hierarch,583112,,11.71,14.99,10.96
Oboro Breezecaller,12498,,2.12,0.99,1.52
The Cabbage Merchant,648732,,24.05,37.99,22.85
Chord of Calling,91110,,6.05,7.99,5.47
Crop Rotation,688886,,3.94,3.49,3.07
Deadly Rollick,625928,,26.62,24.99,26.03
Force of Vigor,190734,,8.5,7.49,3.9
Misdirection,82890,,11.76,16.99,11.46
Orim's Chant,548578,,5.01,8.99,4.86
Snap,458224,,3.31,3.99,3.06
Swords to Plowshares,624152,,1.41,2.29,1.29
Trickbind,14406,,12.35,10.99,8.86
Veil of Summer,689366,,4.28,6.49,3.11
Culling Ritual,687618,,0.49,0.59,0.15
Eldritch Evolution,120003,,3.63,5.49,2.98
Finale of Devastation,188701,,48.11,69.99,50.5
Nature's Rhythm,624738,,5.22,6.99,4.07
Neoform,188217,,0.74,0.99,0.48
Swift Reconfiguration,263102,,3.65,5.49,4.15
Training Grounds,495646,,8.81,11.99,7.29
Bayou,1342,,460.17,229.99,247.48
"Boseiju, Who Endures",262050,,50.05,69.99,42.71
Emergence Zone,187125,,3.93,5.99,3.74
Gaea's Cradle,6883,,1622.57,329.99,468.88
Savannah,1552,,405.33,279.99,241.79
Shifting Woodland,552727,,5.11,7.49,3.64
Talon Gates of Madara,553235,,29.32,29.99,30.99
Tropical Island,1595,,579.93,349.99,380.84
"Thrasios, Triton Hero",124661,,33.76,23.99,19.69
"Birgi, God of Storytelling",230903,,32.57,42.99,
Chromatic Star,452387,,0.2,0.35,0.15
Defense Grid,451966,,6.41,6.49,6.76
Grim Monolith,6323,,470.23,42.99,51.52
Grinding Station,11802,,19.0,16.99,12.84
Paradise Mantle,583150,,8.49,10.99,7.48
Springleaf Drum,671537,,0.36,0.99,0.15
Talisman of Dominance,631296,,1.64,2.49,0.86
Talisman of Indulgence,631550,,2.16,2.79,1.91
Vexing Bauble,552814,,2.32,4.49,1.67
Daze,688901,,1.19,2.29,0.87
Flare of Duplication,552312,,1.57,2.29,0.72
Pyroblast,4848,,7.96,4.49,2.98
Snapback,233897,,0.33,0.99,0.3
Grim Tutor,215341,,25.66,24.99,24.76
Infernal Plunge,56297,,0.55,0.69,0.4
Jeska's Will,689151,,45.68,47.99,40.62
Last Chance,457153,,5.19,4.49,2.62
Praetor's Grasp,39423,,11.03,15.99,11.45
Warrior's Oath,277214,,17.32,21.99,18.15
Wheel of Fortune,1624,,379.7,249.99,260.47
Wheel of Misfortune,226941,,7.8,10.99,7.8
Windfall,525814,,5.4,6.99,4.57
Yawgmoth's Will,7118,,245.26,47.99,40.47
Cool but Rude,673622,,7.01,12.99,7.13
Necrodominance,552829,,2.51,4.99,1.8
Blood Crypt,656687,,9.06,12.99,9.37
Gemstone Mine,6036,,12.84,4.49,2.04
Phyrexian Tower,552852,,26.08,42.99,25.41
Undercity Sewers,532905,,13.56,15.99,8.67
Watery Grave,638914,,9.07,14.99,9.27
Wooded Foothills,541277,,16.61,22.99,15.63
"Rograkh, Son of Rohgahh",226641,,2.36,2.99,2.07
"Silas Renn, Seeker Adept",123981,,9.63,2.29,1.68
Clever Impersonator,92948,,3.06,4.99,2.43
Consecrated Sphinx,39058,,31.26,27.99,28.98
Delighted Halfling,498414,,29.68,37.99,28.64
Drift of Phantasms,531162,,0.25,0.69,0.25
Elvish Mystic,687499,,0.43,0.99,0.4
Endurance,671173,,3.78,6.99,3.61
Flesh Duplicate,519221,,7.77,7.99,8.01
Fyndhorn Elves,226624,,1.52,3.99,2.0
Gene Pollinator,644609,,0.24,0.35,0.15
Hullbreaker Horror,253668,,6.55,8.49,5.86
Llanowar Elves,557921,,0.23,0.59,0.15
"Nezahal, Primal Tide",155688,,7.64,11.99,7.81
The Unagi of Kyoshi Island,661945,,1.66,2.49,0.72
Trophy Mage,125849,,0.61,1.79,0.56
"Wan Shi Tong, Librarian",660516,,35.87,54.99,34.9
Basalt Monolith,499661,,4.61,4.99,3.09
Fellwar Stone,687597,,0.75,1.29,0.56
Imposter Mech,263105,,6.66,11.99,6.76
Mirage Mirror,553284,,0.49,0.49,0.15
Talisman of Curiosity,615190,,0.39,0.79,0.2
The One Ring,487805,,106.14,109.99,93.78
Disrupting Shoal,180823,,16.76,14.99,14.21
Dizzy Spell,13259,,2.63,2.49,2.28
Dramatic Reversal,123110,,0.63,0.99,0.25
Sink into Stupor,552582,,5.52,10.99,
Sudden Substitution,196533,,5.31,6.99,5.15
Twincast,32748,,6.55,9.49,7.6
Hidden Strings,67963,,0.31,0.59,0.27
Transmute Artifact,3330,,396.45,649.99,364.7
Copy Artifact,1372,,65.02,79.99,60.42
Copy Enchantment,514021,,1.76,2.29,1.04
Counterbalance,14019,,5.98,3.99,2.69
Mirrormade,199057,,2.49,3.99,1.54
Sylvan Library,1945,,34.57,27.99,26.02
Invasion of Ikoria,490335,,12.41,15.99,
Botanical Sanctum,544278,,1.52,2.29,0.95
Breeding Pool,638910,,9.41,14.99,8.28
Forest,208389,,0.67,0.35,0.15
Island,222819,,0.84,0.35,0.15
Rejuvenating Springs,697516,,3.72,6.99,3.9
Waterlogged Grove,519273,,0.6,1.79,0.65
Willowrush Verge,614435,,6.66,9.99,5.8
Yavimaya Coast,687588,,0.34,0.69,0.2
"Kinnan, Bonder Prodigy",212623,,13.54,17.99,13.51
Bloom Tender,671067,,13.32,16.99,13.01
Colossal Skyturtle,262770,,0.49,0.69,0.41
"Derevi, Empyrial Tactician",71518,,10.09,8.49,6.13
Emiel the Blessed,216252,,12.74,12.99,13.28
Ertai Resurrected,283607,,0.91,0.99,0.31
"Esika, God of the Tree",230163,,18.45,19.99,
Ignoble Hierarch,671175,,1.44,1.99,0.83
Ioreth of the Healing House,498609,,0.36,0.79,0.15
"Lavinia, Azorius Renegade",182131,,0.44,0.59,0.22
"Magda, Brazen Outlaw",229232,,2.63,3.49,2.6
"Marvin, Murderous Mimic",578074,,3.47,4.99,3.32
"Selvala, Heart of the Wilds",671244,,3.45,5.49,3.38
"Shang-Chi, Master of Kung Fu",697059,,11.25,16.99,10.72
"Tam, Mindful First-Year",671578,,0.44,0.59,0.15
Agatha's Soul Cauldron,512510,,37.71,39.99,37.5
Chromatic Orrery,215443,,38.69,44.99,30.94
Relic of Legends,283524,,2.55,1.99,0.72
Abrupt Decay,544849,,1.59,2.29,1.04
Dismember,688910,,3.21,3.49,1.88
Green Sun's Zenith,39050,,27.26,32.99,27.61
Oath of Teferi,162141,,0.9,0.79,0.44
Touch the Spirit Realm,262694,,0.91,1.29,0.86
"Aminatou, the Fateshifter",276336,,2.64,3.99,2.88
"Ashiok, Dream Render",188627,,1.32,1.29,0.61
"Dihada, Binder of Wills",282840,,13.98,24.99,14.32
"Nicol Bolas, Dragon-God",188630,,4.78,3.99,3.42
Saheeli Rai,122604,,1.51,1.99,1.36
"Teferi, Time Raveler",187194,,6.23,7.49,5.51
"Teferi, Who Slows the Sunset",248179,,3.17,5.49,3.46
"Tyvar, Jubilant Brawler",478299,,1.89,1.99,1.04
Mount Doom,488273,,7.5,9.49,7.41
Taiga,1585,,424.19,229.99,252.16
"Sisay, Weatherlight Captain",190933,,2.55,2.79,2.19
"Delney, Streetwise Lookout",533402,,33.77,44.99,31.24
Ghostly Pilferer,215728,,2.41,3.49,1.92
Glamer Gifter,671468,,0.22,0.35,0.15
Glint-Horn Buccaneer,192896,,8.27,12.99,6.32
Imperial Recruiter,239769,,13.98,16.99,13.46
"Kediss, Emberclaw Familiar",226634,,5.0,8.99,5.43
"Mister Fantastic, Reed Richards",696275,,0.32,0.39,0.15
"Niv-Mizzet, Parun",175582,,5.19,5.99,5.06
Pirated Copy,454840,,19.45,9.99,18.18
Reckless Fireweaver,123071,,0.53,0.99,0.2
Shao Jun,556335,,0.22,0.35,0.15
Siren Stormtamer,525762,,0.38,1.29,0.2
Storm-Kiln Artist,687338,,1.31,2.29,1.35
"Vaan, Street Thief",633403,,0.33,0.49,0.15
Vivi Ornitier,631015,,37.78,42.99,37.87
Weftstalker Ardent,641779,,0.69,2.29,0.52
Angel's Grace,689148,,2.66,3.99,2.56
Gifts Ungiven,276478,,5.1,5.49,4.53
Redirect Lightning,648709,,9.99,16.99,9.74
Trickery Charm,10326,,0.28,0.59,0.26
Idyllic Tutor,206667,,12.85,13.99,11.72
Curiosity,509516,,2.11,1.49,0.6
Ophidian Eye,14311,,10.59,13.99,11.21
Hallowed Fountain,656703,,6.49,10.99,6.72
Sacred Foundry,638912,,10.16,14.99,9.37
Steam Vents,656711,,13.88,17.99,11.45
Thundering Falls,532918,,15.46,20.99,14.93
Training Center,221359,,17.14,22.99,16.67
"Bruse Tarl, Boorish Herder",123975,,5.67,3.49,1.22
"Malcolm, Keen-Eyed Navigator",226327,,0.32,0.39,0.15
"Ajani, Nacatl Pariah",541279,,9.27,13.99,
Altar of the Wretched,526401,,1.39,2.99,
Goblin Engineer,190867,,9.94,10.99,9.35
Goblin Welder,94339,,23.97,23.99,25.0
Greedy Freebooter,526296,,0.36,0.79,0.15
Hope of Ghirapur,126430,,3.86,2.99,2.03
Impulsive Pilferer,227184,,0.33,0.35,0.15
Mardu Devotee,624397,,0.18,0.35,0.15
Ruthless Technomancer,262837,,3.48,4.99,2.43
Stitcher's Supplier,631512,,0.29,0.69,0.15
Tax Collector,556306,,0.29,0.59,0.15
The Jolly Balloon Man,575080,,0.95,0.69,0.36
"Yawgmoth, Thran Physician",191131,,31.72,32.99,27.71
Altar of Dementia,191735,,18.11,20.99,16.76
Bolas's Citadel,187187,,16.01,10.99,10.42
Prized Statue,273386,,0.36,0.79,0.29
Burnt Offering,4617,,1.42,1.29,1.37
Sacrifice,1550,,7.35,5.49,4.27
Claim the Firstborn,235618,,0.22,0.35,0.15
Lively Dirge,544422,,1.77,2.99,1.76
Ominous Harvest,687350,,0.45,0.49,0.15
Peer into the Abyss,215373,,3.15,3.99,2.59
Goblin Bombardment,239839,,2.36,3.99,2.39
Godless Shrine,638911,,9.01,13.99,8.23
Great Furnace,642853,,2.4,3.49,2.36
"Dargo, the Shipwrecker",226644,,0.21,0.35,0.15
Adaptive Automaton,591075,,0.44,2.29,0.69
Axgard Cavalry,591690,,0.26,0.35,0.15
Barkform Harvester,558679,,0.2,0.35,0.15
Battered Golem,11783,,0.49,0.69,0.46
Bloodfire Dwarf,7914,,0.3,0.39,0.25
Dwarven Armorer,3622,,3.96,5.99,2.51
Dwarven Bloodboiler,10244,,5.99,9.49,6.7
Dwarven Grunt,9460,,0.27,0.39,0.28
Dwarven Scorcher,10246,,0.24,0.39,0.27
Dwarven Trader,4486,,0.34,0.39,0.15
Enslaved Dwarf,9694,,0.32,0.35,0.34
"Gogo, Mysterious Mime",631124,,1.69,2.79,1.47
Knuckles the Echidna,643701,,16.87,21.99,17.39
Liberated Dwarf,10255,,0.27,0.35,0.26
"Magda, the Hoardmaster",544268,,0.66,1.79,0.15
Metallic Mimic,697416,,0.49,1.29,0.36
Pinnacle Monk,553299,,1.57,3.49,
Plundering Barbarian,243047,,0.27,0.39,0.15
Roaming Throne,525238,,50.92,54.99,47.45
Spark Mage,9497,,2.52,3.49,2.58
Three Tree Mascot,559479,,0.28,0.35,0.15
Twinshot Sniper,262155,,0.25,0.35,0.15
Universal Automaton,191572,,0.57,0.99,0.5
Xorn,243290,,7.43,9.99,7.5
Clock of Omens,60035,,3.92,5.99,3.73
Clown Car,287522,,11.0,16.99,11.24
Damping Sphere,162250,,1.11,0.99,0.64
Disruptor Flute,552584,,1.4,2.99,0.88
Firdoch Core,671721,,0.35,0.39,0.15
Flywheel Racer,491763,,0.16,0.35,0.15
Grafdigger's Cage,192909,,3.46,3.49,2.08
Legion Extruder,544937,,3.34,4.99,3.17
Lifecraft Engine,610768,,0.37,0.49,0.15
Liquimetal Torque,239836,,4.11,4.49,2.95
Maskwood Nexus,553540,,1.36,1.99,1.13
Peter Parker's Camera,651386,,1.44,1.99,1.04
Pithing Needle,247969,,0.39,0.79,0.3
Portal to Phyrexia,451962,,38.56,54.99,43.08
Sculpting Steel,452426,,1.59,2.99,1.81
Smuggler's Copter,122743,,0.95,1.49,0.45
Stalactite Dagger,672032,,0.26,0.35,0.15
Torpor Orb,39593,,5.61,6.99,3.91
Unlicensed Hearse,544883,,0.34,0.99,0.15
Abrade,688837,,0.27,0.35,0.15
Bottle-Cap Blast,541424,,3.95,5.99,2.34
Chaos Warp,687360,,0.35,0.69,0.19
Galvanic Blast,36340,,2.09,2.99,1.87
Lightning Bolt,1479,,2.4,1.99,0.62
Pyrokinesis,4217,,4.94,3.49,2.08
Return the Favor,688928,,0.43,0.39,0.15
Sudden Shock,14382,,0.53,0.35,0.15
Tibalt's Trickery,230206,,10.1,16.99,10.4
Untimely Malfunction,576504,,8.18,11.99,7.29
Zoyowa's Justice,525289,,0.31,0.35,0.15
Shatterskull Smashing,222030,,9.68,13.99,
Sundering Eruption,552583,,0.99,1.99,
Urza's Saga,238619,,41.59,49.99,39.43
"Tezzeret, Cruel Captain",638908,,20.2,27.99,17.69
Barbarian Ring,552632,,0.27,0.49,0.15
Command Beacon,624449,,8.62,10.99,7.29
Hammerheim,3896,,14.78,20.99,15.1
Holdout Settlement,111039,,0.23,0.39,0.15
"Kavaron, Memorial World",641943,,1.16,1.79,0.26
Mountain,206025,,1.53,0.35,0.15
Mutavault,69900,,6.13,6.49,3.99
"Shinka, the Bloodsoaked Keep",254611,,14.7,18.99,14.24
"Sokenzan, Crucible of Defiance",262172,,3.15,3.99,2.96
Survivors' Encampment,136623,,0.42,1.29,0.36
Treasure Vault,615181,,1.03,2.49,1.04
Volatile Fault,526363,,0.33,0.39,0.15
Tandem Lookout,58267,,0.99,1.29,0.52
Jeweled Amulet,4751,,8.69,9.49,7.36
Mishra's Bauble,451925,,2.09,2.99,1.76
Sensei's Divining Top,12160,,46.89,54.99,40.1
Talisman of Creativity,687630,,1.93,2.99,1.71
Urza's Bauble,4927,,8.72,7.49,5.72
Brainstorm,4611,,2.2,2.49,1.2
Cyclonic Rift,689345,,33.32,34.99,29.43
Desperate Ritual,11976,,5.75,6.99,6.4
Gut Shot,98817,,5.3,8.49,4.98
Virtue of Courage,513885,,2.38,3.99,
Wild Slash,95314,,0.26,0.35,0.15
Displacement Wave,100095,,0.4,0.79,0.39
Light Up the Stage,689923,,0.99,0.39,0.15
Ponder,519494,,1.88,3.99,1.9
Preordain,688900,,2.16,1.29,0.36
Sea Gate Restoration,222038,,40.05,54.99,
Strike It Rich,240149,,2.8,2.79,2.49
Timetwister,448965,,798.33,1099.99,989.88
Fiery Islet,519239,,4.04,5.49,4.06
Riverpyre Verge,614418,,20.32,27.99,20.1
Seat of the Synod,642862,,0.78,1.29,0.6
Shivan Reef,687534,,0.3,0.69,0.2
Cloud of Faeries,457458,,0.26,0.59,0.15
Displacer Kitten,272901,,30.87,34.99,26.8
Felidar Guardian,126480,,3.18,1.79,1.76
Peregrine Drake,458178,,0.25,0.69,0.15
Phyrexian Metamorph,642804,,2.39,3.99,2.29
Skycoach Conductor,688971,,0.32,0.49,
Sowing Mycospawn,552738,,1.98,2.79,1.04
Spellseeker,167811,,15.8,24.99,16.99
Springheart Nantuko,552859,,4.88,6.99,4.1
Expedition Map,591079,,0.8,2.79,1.02
Eladamri's Call,191062,,10.84,13.99,9.75
Emerald Charm,457587,,0.1,0.35,0.15
Ephemerate,191568,,5.15,5.99,4.95
Louisoix's Sacrifice,633987,,0.43,0.49,0.15
Path to Exile,499536,,1.77,2.49,1.14
Reap and Sow,11691,,0.26,0.35,0.26
Sylvan Scrying,105272,,0.37,0.49,0.15
Wargate,204599,,3.49,,3.86
Growing Rites of Itlimoc,524220,,8.83,13.99,
Deserted Temple,552268,,0.51,1.29,0.25
Dryad Arbor,579308,,3.55,3.99,3.63
"Minamo, School at Water's Edge",210357,,54.84,74.99,56.29
Temple Garden,656713,,7.5,9.99,7.29
"Yoshimaru, Ever Faithful",262832,,8.51,8.49,6.25
Dosan the Falling Leaf,11981,,27.68,39.99,36.54
Elves of Deep Shadow,13270,,2.66,3.99,2.86
Tinder Wall,4919,,1.76,0.99,0.91
Wild Cantor,531170,,0.24,0.35,0.15
Autumn's Veil,47710,,0.62,0.69,0.3
Manamorphose,18700,,4.91,5.99,4.78
Noxious Revival,39555,,6.93,7.99,5.39
Summoner's Pact,234026,,5.12,4.49,3.12
Vial Smasher the Fierce,578922,,2.7,2.79,1.35
Drannith Magistrate,212115,,14.1,16.99,9.35
Grand Arbiter Augustin IV,276439,,18.46,16.99,15.61
"Urza, Lord High Artificer",503426,,15.23,19.99,13.97
Cursed Totem,240154,,1.03,1.49,0.84
Talisman of Hierarchy,687633,,0.41,0.99,0.37
Talisman of Progress,499820,,0.41,0.79,0.27
Time Sieve,204588,,7.49,9.49,7.18
Mana Drain,544246,,52.66,64.99,54.26
Muddle the Mixture,531115,,2.52,2.79,1.85
Retraction Helix,79146,,0.29,0.35,0.15
Strix Serenade,552621,,1.8,2.79,0.52
Whir of Invention,126329,,6.03,7.49,5.21
Toxic Deluge,687372,,4.46,6.49,3.38
Blind Obedience,513356,,5.52,5.99,4.35
Steal Enchantment,5753,,8.17,5.99,8.28
Morphic Pool,267057,,28.96,37.99,28.13
Sea of Clouds,267055,,17.86,27.99,18.75
Spire of Industry,642867,,0.33,0.49,0.15
"Tivit, Seller of Secrets",269717,,3.82,6.99,3.85
Subtlety,239741,,15.87,17.99,13.19
Firestorm,6027,,53.58,9.49,9.26
Molten Disaster,14942,,0.52,0.99,0.45
Vision Quest,696864,,0.38,0.49,0.15
Curse of Opulence,624180,,3.27,4.49,2.57
"Ishai, Ojutai Dragonspeaker",124135,,5.73,4.49,3.32
Aftermath Analyst,533918,,0.84,1.29,0.77
Allosaurus Shepherd,216173,,51.17,54.99,50.38
"Ashaya, Soul of the Wild",577808,,16.21,17.99,14.57
Blossoming Tortoise,512321,,5.79,6.49,5.19
Collector Ouphe,191057,,3.56,3.49,2.08
Elvish Reclaimer,192617,,5.99,5.99,4.66
Famished Worldsire,642982,,2.64,3.99,2.08
Horizon Explorer,641983,,2.47,3.49,2.34
Icetill Explorer,644286,,13.92,22.99,14.51
Lotus Cobra,559826,,6.33,6.49,4.5
"Nissa, Resurgent Animist",495610,,26.56,37.99,27.6
Rootpath Purifier,452480,,10.67,8.99,8.8
Six,552272,,5.05,7.99,4.78
Sylvan Safekeeper,548583,,5.26,7.99,5.21
Tiller Engine,282900,,23.92,37.99,24.7
Amulet of Vigor,34328,,53.47,57.99,50.45
Null Rod,6076,,113.7,129.99,118.15
Trinisphere,11660,,29.56,42.99,30.95
Eldrazi Confluence,553171,,11.79,16.99,10.08
Natural Order,235505,,28.57,21.99,16.29
Scapeshift,168720,,47.06,54.99,49.15
Exploration,457191,,32.2,39.99,32.02
Food Chain,276918,,42.64,29.99,40.57
Root Maze,5693,,6.41,6.99,6.02
Spelunking,524416,,3.99,3.99,3.51
Arid Archway,544329,,0.62,1.29,0.61
"Boseiju, Who Shelters All",11953,,18.38,20.99,17.53
Buried Ruin,642848,,0.38,0.99,0.37
Castle Garenbrig,199288,,7.73,11.99,7.29
Conduit Pylons,544694,,0.29,0.79,0.15
Crumbling Vestige,110689,,0.16,0.35,0.15
Crystal Vein,5019,,9.47,1.99,1.78
Echoing Deeps,525285,,0.64,0.69,0.3
Fabled Passage,687665,,1.03,1.49,0.92
Field of the Dead,192562,,29.88,29.99,28.85
Geier Reach Sanitarium,525830,,2.88,3.99,1.51
Ghost Quarter,499590,,0.43,1.29,0.37
Havenwood Battleground,3665,,1.22,0.59,0.36
Hickory Woodlot,6553,,4.16,4.49,4.68
Horizon of Progress,553202,,4.68,4.99,4.59
Lazotep Quarry,553207,,6.27,7.99,5.41
Lotus Field,687695,,2.13,3.49,1.95
Mirrorpool,110694,,2.2,3.99,2.52
Pit of Offerings,525127,,0.38,0.59,0.26
Prismatic Vista,190748,,34.25,47.99,26.81
Sanctum of Eternity,196429,,8.4,13.99,7.28
Snow-Covered Forest,190653,,1.1,1.49,0.8
Strip Mine,1938,,17.42,11.99,11.97
The Mycosynth Gardens,642857,,0.35,0.99,0.33
The Tabernacle at Pendrell Vale,4046,,2899.99,4299.99,3332.31
Urza's Cave,548592,,1.08,2.29,0.52
Vesuva,553224,,2.45,4.49,2.17
Wasteland,662089,,13.21,14.99,9.37
"Yavimaya, Cradle of Growth",553219,,16.68,20.99,14.57
"Lumra, Bellow of the Woods",541369,,20.1,29.99,20.11
"Abigale, Eloquent First-Year",670978,,0.42,0.49,0.15
Archon of Emeria,221969,,2.1,2.49,1.01
Aven Interrupter,544403,,3.02,4.49,2.64
Basking Broodscale,552176,,0.17,0.35,0.15
Carrion Feeder,10885,,4.74,4.49,3.56
Eidolon of Rhetoric,82243,,0.62,1.29,0.6
Ethersworn Canonist,27666,,5.66,3.99,2.49
Faeburrow Elder,671259,,0.42,0.79,0.33
"Felothar, Dawn of the Abzan",625133,,0.28,0.49,0.15
"Hammerhead, Maggia Boss",697259,,0.79,,0.47
Incubation Druid,631307,,1.05,1.79,0.96
Knight of the Reliquary,28557,,2.13,1.79,1.4
Moonshadow,671780,,11.45,16.99,10.11
Patrol Signaler,27177,,0.53,0.79,0.5
Patrolling Peacemaker,642782,,0.91,0.99,0.77
"Rishkar, Peema Renegade",559913,,0.36,0.59,0.17
Rosie Cotton of South Lane,498377,,0.34,0.39,0.15
Skyclave Apparition,687530,,0.25,0.49,0.15
Strangleroot Geist,57606,,0.27,0.35,0.15
Walking Ballista,631496,,7.41,8.99,7.17
Wall of Roots,5291,,0.5,0.49,0.15
Warden of the Grove,625027,,2.32,2.79,2.05
Young Wolf,600501,,0.31,0.35,0.15
Ashnod's Altar,3360,,15.87,16.99,7.86
Thousand-Year Elixir,236115,,14.3,23.99,14.58
Cryptolith Rite,116371,,10.44,12.99,8.55
Deafening Silence,199001,,2.22,1.79,1.01
Earthcraft,5529,,260.45,349.99,312.6
Insidious Roots,535300,,1.21,2.79,0.72
Leyline of Abundance,513346,,1.56,1.49,0.94
Survival of the Fittest,4416,,396.95,94.99,119.83
Centaur Garden,9591,,1.38,1.49,1.62
Gavony Township,55910,,4.84,6.99,4.88
Overgrown Tomb,656709,,8.93,11.99,8.83
Plains,206022,,0.99,0.35,0.15
"Tayam, Luminous Enigma",212143,,2.98,9.49,3.17
"Casey Jones, Back Alley Brute",679589,,0.42,0.69,0.15
Dauthi Voidwalker,240166,,4.02,5.49,3.23
Gleeful Arsonist,578915,,5.83,7.49,3.38
Kederekt Parasite,578921,,8.36,9.99,5.21
Kessig Flamebreather,253555,,3.73,5.49,3.53
Soot Imp,27205,,1.72,0.59,1.06
Unstable Amulet,552637,,0.22,0.35,0.15
Bolt Bend,591021,,2.48,4.99,2.75
Pyretic Ritual,688919,,5.4,7.99,4.65
Ricochet Trap,34423,,1.71,0.59,0.2
Seething Song,11423,,14.51,6.99,6.99
Slaughter Pact,233859,,1.53,1.79,1.35
Snuff Out,631256,,6.49,8.49,6.14
The Last Agni Kai,660545,,2.17,3.49,1.28
Grapeshot,457203,,0.33,0.59,0.15
Reckless Handling,495617,,0.3,0.59,0.15
Scheming Symmetry,192521,,7.96,11.99,8.48
All Will Be One,479312,,15.25,14.99,12.3
Shadow of the Goblin,651989,,1.1,1.49,0.25
Arena of Glory,553264,,7.5,11.99,6.61
Forbidden Orchard,276798,,9.72,11.99,7.79
Luxury Suite,698116,,9.32,13.99,9.53
Raucous Theater,532911,,9.95,15.99,9.79
"Ob Nixilis, Captive Kingpin",495606,,18.32,19.99,16.31
Notion Thief,499638,,2.46,2.49,1.03
Banishing Knack,27069,,4.76,1.49,1.05
Gush,6547,,5.1,3.49,1.67
Insidious Dreams,9748,,14.84,13.99,18.74
Nature's Claim,34405,,1.23,1.29,0.37
Worldly Tutor,5300,,35.65,32.99,24.71
Doomsday,697282,,3.27,5.49,2.94
Carpet of Flowers,519515,,1.65,3.49,1.54
City of Solitude,5814,,24.52,9.99,11.24
"Jace, Wielder of Mysteries",187141,,8.97,11.99,6.86
Llanowar Wastes,687692,,0.49,1.49,0.47
Multiversal Passage,646661,,6.77,10.99,5.71
Underground River,615049,,1.06,3.49,1.49
"Glarb, Calamity's Augur",558331,,3.8,3.49,3.31
Boggart Trawler,552873,,0.87,2.29,
Changeling Outcast,190942,,1.77,1.49,1.54
Dream Beavers,680261,,0.4,0.35,0.15
Faerie Seer,191569,,0.38,0.59,0.25
Gingerbrute,198887,,0.24,0.69,0.16
Gudul Lurker,96452,,0.59,1.29,0.41
Hydroelectric Specimen,553181,,0.83,1.79,
Impossible Man,697202,,16.37,,13.8
"Loki, Lord of Misrule",697204,,67.05,,62.24
"Mai, Scornful Striker",661961,,1.1,1.79,0.2
Mistblade Shinobi,12311,,2.19,1.49,0.65
Mothdust Changeling,18020,,0.59,1.49,0.26
Ornithopter,457188,,0.28,0.69,0.15
Shadow of Mortality,268782,,0.62,1.29,0.3
Skullsnatcher,12356,,0.66,0.49,0.15
"Sun Quan, Lord of Wu",504491,,8.12,11.99,8.73
Super Shredder,657755,,18.12,20.99,17.51
"Tetsuko Umezawa, Fugitive",491830,,0.2,0.35,0.15
Thousand-Faced Shadow,262130,,2.57,2.49,1.19
Throat Slitter,507595,,2.89,2.79,2.41
Wingcrafter,58178,,0.22,0.35,0.15
Key to the City,631182,,0.27,0.49,0.15
Mindcrank,39544,,7.9,10.99,8.2
Scroll Rack,226675,,32.85,27.99,18.74
Fell the Profane,552580,,3.1,5.99,
Flare of Denial,548596,,3.61,5.49,3.02
Flare of Malice,552274,,1.97,2.99,1.33
Spider-Sense,651910,,1.67,2.79,1.17
Agadeem's Awakening,222163,,28.62,29.99,
Crippling Fear,456823,,0.42,1.29,0.36
Temporal Mastery,58177,,4.71,5.49,3.59
Temporal Trespass,541325,,2.78,4.99,2.55
Aqueous Form,71316,,0.37,0.99,0.35
Black Market Connections,698008,,10.07,15.99,12.62
Bloodchief Ascension,504564,,20.32,22.99,15.39
Chains of Mephistopheles,3825,,1183.06,1399.99,1406.7
Leyline of the Void,575262,,0.58,0.69,0.16
"Kaito, Bane of Nightmares",575076,,9.39,16.99,8.33
Gloomlake Verge,576518,,10.26,12.99,9.1
Snow-Covered Island,190649,,1.95,1.99,1.29
Snow-Covered Swamp,190652,,1.04,0.79,0.61
Swamp,206024,,1.91,0.35,0.15
"Yuriko, the Tiger's Shadow",504503,,3.5,2.99,3.01
Archmage Emeritus,687389,,0.5,1.49,0.37
Dragon's Rage Channeler,240055,,1.56,1.79,0.61
Harmonic Prodigy,687475,,3.21,5.49,3.17
Phantasmal Image,47629,,4.43,6.49,4.31
Pollywog Prodigy,559733,,6.39,10.99,6.03
Tavern Scoundrel,240341,,0.3,0.35,0.15
"Veyran, Voice of Duality",687658,,1.36,3.99,0.65
Mogg Salvage,239750,,0.21,0.35,0.15
Submerge,7250,,7.12,4.99,3.13
Surgical Extraction,544865,,1.47,3.49,0.78
"Krark, the Thumbless",226121,,1.7,1.99,1.04
Ainok Strike Leader,624277,,2.68,4.49,2.34
Angrath's Marauders,525731,,0.21,0.69,0.15
Anointed Peacekeeper,283402,,0.32,0.49,0.15
Auratouched Mage,13194,,0.21,0.35,0.18
Aven Mindcensor,129724,,1.36,0.79,0.46
Blade Historian,235551,,5.27,7.99,5.09
"Boromir, Warden of the Tower",498305,,5.79,7.99,5.41
Charismatic Conqueror,525710,,22.25,24.99,20.05
Clarion Conqueror,624539,,2.04,3.49,1.56
Combat Celebrant,559819,,1.31,2.29,0.67
Deep Gnome Terramancer,273676,,8.77,8.99,7.05
Giver of Runes,190865,,11.14,11.99,9.45
Goblin Rabblemaster,590545,,0.45,1.29,0.36
"Greymond, Avacyn's Stalwart",513295,,67.34,89.99,66.79
Howlsquad Heavy,615912,,3.06,3.99,1.5
"Lena, Selfless Champion",169111,,0.33,1.29,0.32
Loyal Apprentice,624332,,0.32,0.49,0.19
Magus of the Moon,233956,,4.13,4.49,3.89
Ocelot Pride,552863,,40.69,57.99,40.79
Ornithopter of Paradise,615168,,0.43,0.99,0.2
"Phelia, Exuberant Shepherd",548602,,4.87,8.49,3.64
Phyrexian Revoker,448815,,0.33,0.49,0.25
Phyrexian Walker,5899,,1.73,2.79,1.65
"Quicksilver, Brash Blur",668459,,0.26,0.49,0.15
"Rionya, Fire Dancer",687423,,0.58,0.49,0.4
Sanctum Prelate,242407,,0.63,1.49,1.56
Signal Pest,39139,,0.42,0.99,0.36
"Skrelv, Defector Mite",478278,,3.21,4.99,3.02
"Slicer, Hired Muscle",448834,,8.94,10.99,
"Smellerbee, Rebel Fighter",662367,,0.32,0.69,0.2
Solitude,240037,,33.5,44.99,36.75
Soulless Jailer,479347,,3.06,2.29,1.12
Spirit of the Labyrinth,78851,,0.78,0.69,0.3
"Thalia, Guardian of Thraben",252859,,0.47,0.49,0.36
Witch Enchanter,552336,,3.47,6.49,
Aether Vial,11608,,4.57,3.49,1.77
Breath of Fury,693443,,7.95,12.99,8.37
Battlefield Forge,624204,,0.34,0.69,0.15
Blinkmoth Nexus,98643,,1.87,0.99,0.79
"Eiganjo, Seat of the Empire",262746,,5.16,9.99,5.75
Mishra's Factory,239686,,0.28,0.35,0.15
Needleverge Pathway,221838,,3.59,4.99,
Spectator Seating,697454,,6.43,8.99,6.63
"Winota, Joiner of Forces",212622,,4.31,4.49,2.08
Asmodeus the Archfiend,243588,,0.35,0.49,0.15
Balthor the Defiled,10221,,12.17,10.99,12.68
Blood Celebrant,10746,,1.06,0.99,0.64
Blood Pet,5471,,0.92,1.49,0.82
"Braids, Arisen Nightmare",641961,,4.64,5.99,4.06
"Chainer, Dementia Master",503401,,0.32,0.49,0.15
Dimir House Guard,531152,,0.12,0.35,0.15
Fleshwrither,14886,,5.84,4.49,2.51
Gravecrawler,615096,,0.99,1.99,0.63
Gray Merchant of Asphodel,71021,,0.95,2.29,0.76
Hoarding Broodlord,490572,,5.55,7.49,4.58
"Mikaeus, the Unhallowed",57666,,26.4,27.99,26.05
Necrotic Ooze,36409,,2.76,2.29,1.89
"Razaketh, the Foulblooded",135056,,13.58,14.99,12.85
"Sheoldred, the Apocalypse",282800,,96.04,119.99,78.12
"Sidisi, Undead Vizier",96362,,7.59,8.99,7.14
Skirge Familiar,239843,,0.28,0.99,0.15
Vile Entomber,240279,,0.38,0.79,0.15
"Vilis, Broker of Blood",192644,,9.19,13.99,7.57
Warren Soultrader,552631,,14.29,20.99,13.79
Jet Medallion,552320,,10.99,15.99,10.57
Mind Stone,463303,,0.32,0.79,0.25
The Darkness Crystal,630862,,4.79,5.99,4.06
Baleful Mastery,235848,,2.75,2.99,1.87
Cut Down,282845,,0.42,0.79,0.19
Entomb,457198,,17.12,18.99,14.57
Fatal Push,556012,,0.41,0.99,0.15
Force of Despair,190880,,8.36,6.99,8.22
Imp's Mischief,544837,,7.79,9.49,6.75
March of Wretched Sorrow,262443,,0.33,0.49,0.15
Saw in Half,560019,,5.41,6.99,4.78
Shallow Grave,5226,,99.75,159.99,106.97
Shred Memory,13417,,1.64,0.79,0.64
Beseech the Queen,222434,,4.72,4.99,4.16
Buried Alive,552813,,0.82,1.99,0.52
Chain of Smog,10340,,10.36,9.49,6.35
Dark Petition,689839,,2.92,6.49,2.62
Final Parting,507114,,0.39,0.59,0.31
Persist,671161,,1.49,1.79,0.78
Reanimate,631573,,8.06,11.99,7.32
Unmarked Grave,239388,,2.9,3.99,2.59
Animate Dead,687375,,4.87,6.99,5.0
Dance of the Dead,4639,,16.47,18.99,17.39
Heartless Summoning,609969,,1.62,1.99,0.92
Necromancy,5890,,17.85,21.99,20.3
The Meathook Massacre,248212,,26.83,32.99,26.82
Professor Onyx,579064,,5.54,7.99,5.36
"Nykthos, Shrine to Nyx",71039,,52.15,69.99,51.99
"Takenuma, Abandoned Mire",262420,,11.56,16.99,10.93
"Urborg, Tomb of Yawgmoth",91106,,55.55,69.99,60.94
"K'rrik, Son of Yawgmoth",552301,,0.78,1.49,0.32
"Linvala, Keeper of Silence",216559,,20.06,23.99,19.68
Maralen of the Mornsong,18012,,33.8,29.99,36.69
Sakashima of a Thousand Faces,227010,,34.39,27.99,14.57
Serra Ascendant,35573,,31.43,29.99,29.13
Snapcaster Mage,52206,,15.59,18.99,18.3
Blue Elemental Blast,1349,,1.88,1.29,1.1
Glen Elendra's Answer,670991,,1.13,0.99,0.46
Hydroblast,4727,,4.16,2.99,2.41
Narset's Reversal,624156,,2.15,2.99,1.3
Confounding Conundrum,221854,,0.32,0.49,0.15
Vault of Champions,221351,,14.39,18.99,16.01
Marneus Calgar,285803,,12.98,,
Sire of Insanity,67898,,0.52,0.79,0.4
"Valgavoth, Terror Eater",575065,,14.58,21.99,14.84
Chalice of the Void,11465,,15.73,24.99,18.01
"Chimil, the Inner Sun",671263,,9.7,8.99,7.74
God-Pharaoh's Statue,187246,,0.75,1.49,0.35
Manifold Key,192637,,1.75,2.29,1.17
Sphere of Resistance,4410,,30.84,11.99,13.53
Tangle Wire,7251,,35.26,9.99,10.97
Thran Dynamo,559925,,4.32,3.99,2.13
Voltaic Key,35627,,3.67,0.99,0.66
Divergent Transformations,504653,,0.37,0.49,0.26
Fire Magic,630969,,0.98,1.29,0.15
Avengers Disassembled,696560,,0.97,3.49,0.48
Blasphemous Act,687417,,0.75,1.99,0.44
Cave-In,6461,,14.33,20.99,20.82
From the Ashes,71881,,3.38,2.79,2.45
Obliterate,121178,,5.14,3.99,2.83
Reality Scramble,170965,,0.52,0.79,0.38
Transmogrify,215571,,0.31,0.49,0.19
Blood Moon,512369,,9.14,9.49,7.49
Contamination,6825,,17.7,8.49,4.11
Nether Void,3963,,507.99,599.99,547.03
Stranglehold,46952,,7.24,8.49,9.12
"Chandra, Awakened Inferno",192222,,9.5,13.99,8.28
"Karn, the Great Creator",188386,,4.55,5.99,3.57
"Lukka, Coppercoat Outcast",211996,,0.58,0.99,0.43
Blightstep Pathway,229209,,5.15,7.99,
Snow-Covered Mountain,190650,,0.8,0.79,0.72
Sulfurous Springs,642071,,1.23,1.79,1.18
"Tevesh Szat, Doom of Fools",226122,,7.35,7.99,7.29
