Price,CardKingdom_pct,ManaPool_pct,Volume
0.1,250.0,50.0,97143
0.12,225.0,25.0,98728
0.12,191.7,25.0,83434
0.12,191.7,25.0,90167
0.13,169.2,15.4,87188
0.14,150.0,7.1,62646
0.15,133.3,0.0,80075
0.15,133.3,0.0,78327
0.15,133.3,0.0,87817
0.16,118.7,-6.3,99263
0.16,118.7,-6.3,64547
0.16,118.7,-6.3,86712
0.16,118.7,-6.3,105327
0.17,105.9,-11.8,93017
0.17,105.9,-11.8,104470
0.17,105.9,-11.8,105132
0.17,105.9,-11.8,106428
0.18,227.8,-5.6,94052
0.18,94.4,-16.7,95330
0.19,84.2,-21.1,89884
0.19,84.2,-21.1,84272
0.2,75.0,-25.0,102650
0.2,75.0,-25.0,106225
0.2,75.0,-25.0,91449
0.2,75.0,-25.0,101670
0.2,75.0,-25.0,105357
0.2,75.0,-25.0,105355
0.2,75.0,-25.0,80236
0.2,75.0,-25.0,78505
0.2,75.0,-10.0,56055
0.2,75.0,-25.0,102985
0.2,75.0,-25.0,102921
0.21,66.7,-28.6,99291
0.21,66.7,-28.6,105149
0.21,66.7,-28.6,94571
0.21,66.7,-28.6,96600
0.21,66.7,-28.6,87566
0.21,66.7,-28.6,104977
0.21,85.7,-28.6,95681
0.22,59.1,-31.8,98609
0.22,59.1,-31.8,80075
0.22,122.7,-31.8,78811
0.22,59.1,-31.8,96222
0.22,122.7,-31.8,98779
0.23,156.5,-34.8,106634
0.23,52.2,-34.8,98334
0.23,52.2,-34.8,94399
0.23,243.5,-34.8,95869
0.23,52.2,-34.8,101351
0.23,69.6,-34.8,101442
0.24,45.8,-37.5,105671
0.24,45.8,-37.5,98586
0.24,45.8,-37.5,98936
0.24,45.8,-37.5,99570
0.24,45.8,-37.5,98334
0.24,45.8,-37.5,102941
0.24,62.5,12.5,89400
0.24,104.2,-37.5,104549
0.25,40.0,-40.0,102235
0.25,176.0,-40.0,105537
0.25,40.0,-40.0,95167
0.25,176.0,0.0,103466
0.25,96.0,-40.0,100094
0.25,96.0,-40.0,100417
0.25,40.0,-40.0,106621
0.26,88.5,-42.3,94956
0.26,34.6,-42.3,77320
0.26,34.6,0.0,87477
0.26,34.6,-42.3,101408
0.26,50.0,-42.3,93857
0.26,50.0,-42.3,100205
0.26,34.6,-42.3,101643
0.26,88.5,-42.3,106408
0.26,34.6,-42.3,88251
0.27,81.5,-44.4,95826
0.27,44.4,3.7,93511
0.27,29.6,-3.7,86519
0.27,44.4,-44.4,97658
0.27,81.5,-44.4,103815
0.27,29.6,-44.4,84855
0.27,81.5,-44.4,104310
0.27,29.6,-44.4,103313
0.27,44.4,-44.4,98609
0.27,81.5,-44.4,100085
0.27,155.6,-44.4,100320
0.27,192.6,-44.4,104850
0.27,29.6,-44.4,106393
0.27,29.6,-44.4,106271
0.28,25.0,-46.4,105145
0.28,110.7,-7.1,89745
0.28,39.3,-46.4,103187
0.28,25.0,-46.4,100238
0.28,253.6,-46.4,102783
0.28,75.0,-46.4,91855
0.28,146.4,-46.4,106104
0.29,20.7,-48.3,106403
0.29,69.0,-48.3,99739
0.29,69.0,-48.3,90352
0.29,20.7,-48.3,104680
0.29,20.7,-48.3,103562
0.29,20.7,-48.3,101011
0.29,103.4,-48.3,101453
0.29,172.4,-48.3,105581
0.29,20.7,-48.3,93067
0.3,16.7,-50.0,101683
0.3,16.7,-50.0,102012
0.3,30.0,-16.7,92248
0.3,63.3,-50.0,106455
0.3,16.7,-50.0,104587
0.3,16.7,-50.0,101011
0.3,16.7,-50.0,106631
0.3,63.3,-50.0,81722
0.3,230.0,-50.0,101633
0.3,63.3,-50.0,104281
0.3,163.3,-10.0,98505
0.3,96.7,-50.0,101135
0.3,16.7,-50.0,105415
0.3,130.0,-33.3,105644
0.3,63.3,-50.0,105838
0.31,58.1,-51.6,101374
0.31,122.6,-51.6,104115
0.31,58.1,-19.4,74762
0.31,12.9,-51.6,89478
0.31,12.9,-51.6,103269
0.31,12.9,-51.6,101643
0.31,154.8,-19.4,104856
0.31,12.9,-51.6,98750
0.31,90.3,-12.9,102825
0.31,58.1,-51.6,106320
0.31,25.8,-51.6,103727
0.31,58.1,-51.6,88097
0.32,9.4,-53.1,93327
0.32,53.1,-53.1,86412
0.32,9.4,-53.1,52125
0.32,9.4,6.3,89148
0.32,115.6,-53.1,105519
0.32,9.4,-53.1,102632
0.32,9.4,-53.1,106150
0.32,115.6,-40.6,102742
0.32,115.6,-37.5,100453
0.32,53.1,-40.6,100283
0.32,21.9,-53.1,106500
0.32,53.1,-53.1,73674
0.33,6.1,-54.5,106593
0.33,48.5,-54.5,93114
0.33,6.1,-54.5,91923
0.33,6.1,-54.5,32730
0.33,6.1,-54.5,101116
0.33,48.5,-54.5,99126
0.33,48.5,-54.5,104171
0.33,48.5,-54.5,101464
0.33,200.0,-9.1,102660
0.33,109.1,-54.5,100905
0.33,18.2,-54.5,98877
0.34,14.7,-55.9,85504
0.34,73.5,-55.9,104594
0.34,44.1,-55.9,92248
0.34,14.7,-55.9,104936
0.34,14.7,-55.9,81143
0.34,102.9,-41.2,105820
0.34,2.9,-55.9,99063
0.34,102.9,-55.9,102457
0.34,102.9,-55.9,106145
0.34,73.5,-55.9,103706
0.35,40.0,-57.1,92197
0.35,97.1,-54.3,102752
0.35,40.0,-57.1,102291
0.35,11.4,-57.1,106555
0.35,40.0,-51.4,105393
0.35,68.6,-42.9,101764
0.35,182.9,-5.7,105030
0.36,63.9,-58.3,104310
0.36,-2.8,-58.3,92101
0.36,119.4,-13.9,105990
0.36,-2.8,-58.3,102066
0.36,119.4,-19.4,105512
0.36,119.4,-58.3,106140
0.36,119.4,-58.3,104340
0.36,119.4,-58.3,104569
0.37,167.6,-59.5,89148
0.37,32.4,-59.5,101207
0.37,-5.4,-59.5,99429
0.37,86.5,-59.5,105559
0.37,32.4,-59.5,75605
0.37,32.4,-59.5,96375
0.38,239.5,-47.4,102642
0.38,107.9,-60.5,105168
0.38,55.3,-31.6,102624
0.38,55.3,-34.2,103878
0.38,2.6,-47.4,105449
0.38,160.5,-2.6,105495
0.38,28.9,-60.5,106076
0.39,51.3,-61.5,95747
0.39,51.3,-20.5,100745
0.39,-10.3,-61.5,92554
0.39,76.9,-61.5,90284
0.39,76.9,-61.5,103962
0.39,0.0,-61.5,98433
0.39,230.8,-17.9,60986
0.39,25.6,-61.5,99369
0.4,22.5,-62.5,102235
0.4,-12.5,-62.5,105127
0.4,97.5,-2.5,76002
0.4,97.5,-62.5,103313
0.4,97.5,-42.5,102995
0.4,147.5,-12.5,103444
0.4,72.5,-62.5,89063
0.4,22.5,-62.5,106573
0.41,141.5,-9.8,106099
0.42,135.7,-14.3,99532
0.42,64.3,-64.3,103679
0.42,88.1,-54.8,101956
0.42,-16.7,-64.3,91696
0.42,88.1,-52.4,79789
0.42,88.1,-21.4,105740
0.42,16.7,-64.3,103827
0.42,207.1,-14.3,103232
0.42,88.1,-64.3,105902
0.43,14.0,-65.1,102081
0.43,14.0,-16.3,22913
0.43,130.2,-65.1,105377
0.43,-18.6,-65.1,95649
0.43,130.2,-7.0,106027
0.44,-11.4,-65.9,104101
0.44,34.1,-65.9,103336
0.44,125.0,2.3,71170
0.44,34.1,-65.9,90101
0.45,8.9,-66.7,105790
0.45,120.0,-66.7,106184
0.45,120.0,-44.4,103350
0.45,8.9,-66.7,106251
0.47,174.5,-23.4,103944
0.47,4.3,-23.4,99086
0.47,4.3,-68.1,97722
0.48,106.2,-68.7,105973
0.48,168.8,-27.1,104684
0.49,-28.6,-63.3,30506
0.49,20.4,-69.4,105969
0.49,20.4,-67.3,92101
0.49,20.4,-16.3,104754
0.49,40.8,-6.1,99429
0.49,204.1,-4.1,105978
0.49,163.3,-26.5,104320
0.5,198.0,-28.0,106289
0.5,258.0,-70.0,106518
0.5,18.0,-48.0,96181
0.51,152.9,-51.0,104528
0.51,94.1,-68.6,103687
0.51,54.9,-70.6,105357
0.51,192.2,60.8,98360
0.51,-3.9,-70.6,106601
0.52,13.5,-57.7,69760
0.52,51.9,-50.0,104905
0.53,86.8,-62.3,105278
0.53,49.1,-26.4,104089
0.53,49.1,-5.7,76195
0.53,-7.5,-71.7,103492
0.55,25.5,-27.3,104850
0.56,-12.5,-73.2,106609
0.57,73.7,-68.4,103737
0.57,73.7,-12.3,104850
0.58,36.2,-48.3,72418
0.58,-15.5,-31.0,106216
0.58,19.0,-72.4,101565
0.59,-16.9,-74.6,106599
0.59,118.6,-30.5,94317
0.62,108.1,-1.6,105385
0.62,108.1,-51.6,94571
0.62,108.1,-3.2,97946
0.62,11.3,-51.6,100626
0.63,57.1,-76.2,83212
0.64,7.8,-53.1,98433
0.64,54.7,-76.6,104220
0.65,52.3,-76.9,105352
0.66,171.2,-77.3,103759
0.66,50.0,-69.7,106153
0.67,92.5,-77.6,106513
0.68,163.2,-45.6,106384
0.68,89.7,-47.1,69470
0.69,231.9,-24.6,106311
0.69,159.4,-44.9,76574
0.72,-18.1,-79.2,99014
0.74,33.8,-35.1,103558
0.75,138.7,-25.3,68294
0.75,72.0,-25.3,106643
0.75,32.0,-14.7,102342
0.76,-35.5,-80.3,106618
0.78,65.4,-23.1,105702
0.78,-11.5,-61.5,94014
0.78,91.0,-59.0,104929
0.79,126.6,-49.4,106398
0.79,151.9,-21.5,102167
0.82,142.7,-36.6,106448
0.83,19.3,-81.9,104727
0.83,-4.8,-81.9,105112
0.85,-42.4,-63.5,106615
0.85,228.2,124.7,105199
0.87,48.3,-40.2,101541
0.87,186.2,-1.1,104225
0.88,46.6,-83.0,105403
0.89,-44.9,-83.1,88097
0.9,10.0,-14.4,104305
0.91,41.8,-83.5,104939
0.91,41.8,-5.5,102825
0.91,8.8,-16.5,105488
0.91,8.8,-65.9,93067
0.92,40.2,-66.3,103695
0.92,40.2,-59.8,31636
0.94,-16.0,-53.2,89478
0.94,58.5,-44.7,106597
0.95,-27.4,-62.1,100468
0.95,88.4,-70.5,102911
0.97,259.8,-50.5,106539
0.98,31.6,-84.7,106151
0.98,52.0,-83.7,93912
0.99,50.5,-7.1,104269
0.99,101.0,-27.3,103656
1.0,29.0,-69.0,103546
1.0,-1.0,-62.0,102624
1.01,47.5,-9.9,100720
1.03,44.7,-18.4,101497
1.03,141.7,10.7,104567
1.06,-6.6,-39.6,100830
1.07,132.7,-55.1,105249
1.08,112.0,-51.9,106473
1.09,36.7,-72.5,104758
1.1,35.5,-77.3,103613
1.1,62.7,-81.8,104994
1.13,-56.6,-86.7,106213
1.13,58.4,-19.5,104776
1.13,-12.4,-82.3,94699
1.15,99.1,-87.0,106628
1.16,54.3,-77.6,103089
1.16,97.4,11.2,104734
1.17,10.3,-65.0,105688
1.19,134.5,-12.6,106348
1.19,50.4,-75.6,104867
1.21,130.6,-40.5,105558
1.22,-18.9,-87.7,102889
1.23,4.9,-69.9,100085
1.23,4.9,-53.7,99346
1.26,57.9,-34.1,99471
1.27,96.1,-18.9,84272
1.29,15.5,-79.8,73430
1.3,53.1,-80.8,105142
1.31,74.8,-50.4,105800
1.31,74.8,3.1,106288
1.32,-2.3,-53.8,103774
1.34,-48.5,-65.7,81590
1.36,193.4,-41.9,106293
1.38,8.0,-56.5,97703
1.38,8.0,17.4,83910
1.38,80.4,-31.9,106614
1.4,113.6,-37.1,105862
1.41,62.4,-52.5,80984
1.41,41.1,-55.3,100805
1.41,5.7,-33.3,96258
1.42,-9.2,-3.5,104583
1.44,38.2,-42.4,105437
1.44,38.2,-27.8,104668
1.44,72.9,-16.7,102089
1.45,92.4,-21.4,105768
1.45,-59.3,-26.9,30506
1.47,21.8,-55.8,92458
1.47,-46.3,-85.0,105581
1.49,33.6,-69.1,106381
1.49,20.1,-47.7,105723
1.5,-0.7,4.0,66317
1.5,-67.3,-90.0,33843
1.51,51.7,-10.6,101752
1.51,31.8,-9.9,89611
1.52,50.7,-37.5,101913
1.52,162.5,31.6,106020
1.53,17.0,-15.0,89400
1.54,16.2,-72.1,103056
1.55,15.5,-9.7,74338
1.55,47.7,-33.5,105617
1.55,157.4,22.6,103187
1.56,14.7,-90.4,106385
1.56,14.7,-60.9,105574
1.57,122.3,29.9,105058
1.57,45.9,-54.1,106161
1.57,-17.8,-62.4,106447
1.59,44.0,-47.8,103847
1.6,118.1,-6.9,96375
1.62,22.8,-43.2,94993
1.63,83.4,-24.5,103425
1.64,173.8,-0.6,106146
1.64,-51.8,-61.0,98334
1.65,-9.7,-84.2,103935
1.65,50.9,-22.4,104220
1.66,50.0,-56.6,105192
1.67,67.1,-29.9,104827
1.69,65.1,-13.0,105039
1.7,17.1,-38.8,100385
1.71,-65.5,-88.3,98750
1.73,61.3,-4.6,103888
1.74,71.8,-2.3,102271
1.76,-15.3,-23.3,106638
1.77,68.9,-0.6,105905
1.77,40.7,-41.8,104115
1.79,11.2,-34.1,100085
1.8,55.0,-71.1,105307
1.81,26.5,-56.9,106648
1.82,25.8,-42.9,83434
1.83,8.7,-38.3,102599
1.89,5.3,-45.0,102276
1.89,31.7,-45.0,95118
1.9,-47.9,-58.4,70070
1.95,79.0,-15.9,106112
1.96,78.1,-31.1,103020
1.96,52.6,-34.2,106627
1.97,51.8,-32.5,105818
1.98,40.9,-47.5,105467
1.99,40.2,-3.5,106619
2.02,-26.2,-37.6,99369
2.03,47.3,-54.2,106660
2.04,71.1,-23.5,103752
2.05,45.9,-29.3,106617
2.1,32.9,-47.1,103407
2.1,18.6,-51.9,102441
2.11,112.8,-1.4,106534
2.12,-53.3,-28.3,100830
2.13,63.8,-8.9,106123
2.15,29.8,-39.5,106361
2.17,60.8,-41.0,105434
2.2,81.4,-5.5,102167
2.22,-19.4,-54.5,104629
2.25,-11.6,-49.8,86712
2.26,1.3,-46.5,100192
2.32,93.5,-28.0,106616
2.32,20.3,-11.6,104046
2.36,69.1,1.3,103336
2.36,26.7,-12.3,104856
2.39,66.9,-4.2,105908
2.4,45.4,-1.7,105431
2.43,125.9,4.1,106258
2.47,41.3,-5.3,105442
2.48,20.6,-29.0,96514
2.5,-8.4,-58.4,80856
2.51,-40.6,-82.1,82016
2.51,19.1,-25.5,97050
2.51,118.7,-28.3,104245
2.52,10.7,-26.6,101864
2.52,38.5,2.4,87393
2.53,57.7,-39.1,99369
2.55,9.4,-14.1,100435
2.56,55.9,-25.0,106204
2.57,-30.4,-62.6,86412
2.57,-3.1,-53.7,99900
2.62,-24.0,-66.8,78667
2.63,-5.3,-13.3,102003
2.63,32.7,-1.1,104629
2.64,70.1,-15.2,106444
2.64,51.1,-21.2,103518
2.64,51.1,9.1,78505
2.67,12.0,-43.8,105470
2.68,67.5,-13.1,102610
2.69,48.3,-24.5,102462
2.7,3.3,-50.0,91275
2.72,138.6,-3.7,98305
2.77,26.0,-71.8,85504
2.78,-46.4,-44.6,67986
2.8,-0.4,-11.1,106272
2.87,21.6,-41.8,36956
2.87,-65.5,-87.5,81143
2.88,38.5,-47.6,101927
2.9,37.6,-10.7,102962
2.96,34.8,-37.5,103567
2.97,185.9,-12.8,105641
2.98,235.2,6.4,91696
3.02,48.7,-12.6,104183
3.04,-24.7,-37.8,89745
3.04,-18.1,-19.7,104235
3.06,30.4,-51.0,102724
3.06,-25.2,-63.4,102081
3.14,43.0,-42.0,98237
3.15,26.7,-6.0,103247
3.15,26.7,-17.8,104319
3.16,57.9,-19.3,95709
3.16,42.1,-1.3,106503
3.17,73.2,9.1,91696
3.17,89.0,4.7,106096
3.18,-43.7,-44.7,103407
3.21,71.0,-1.6,106391
3.21,133.3,-10.9,105216
3.21,55.5,-10.6,103247
3.25,22.8,-22.5,87888
3.25,22.8,0.0,105276
3.27,67.9,-10.1,97002
3.27,37.3,-21.4,104398
3.31,20.5,-7.6,106020
3.32,-9.9,-45.5,88338
3.33,49.8,-11.4,105475
3.34,49.4,-5.1,99014
3.37,18.4,-15.1,93803
3.39,-56.0,-80.8,44397
3.4,32.1,-40.0,95330
3.4,2.6,-43.5,76002
3.45,59.1,-2.0,106116
3.45,1.2,-48.7,86008
3.46,0.9,-39.9,96181
3.46,29.8,-37.3,78169
3.47,43.8,-4.3,104336
3.48,43.4,-30.2,98686
3.5,-14.6,-14.0,97917
3.54,55.1,-1.7,106546
3.55,96.9,-0.8,106172
3.55,12.4,2.3,97002
3.56,12.1,-41.6,98625
3.6,52.5,0.0,104971
3.61,52.1,-16.3,105766
3.65,77.8,-7.4,104929
3.65,50.4,13.7,95557
3.66,50.0,-15.6,103679
3.66,-18.3,-48.9,66651
3.7,88.9,-29.7,106646
3.72,87.9,4.8,104232
3.73,47.2,-5.4,106413
3.76,72.6,6.1,89314
3.78,84.9,-4.5,106094
3.8,-8.2,-12.9,100936
3.82,83.0,-3.4,96181
3.85,3.6,-33.5,81866
3.86,-22.5,-47.4,98405
3.87,-9.8,-20.7,104183
3.87,41.9,-23.0,91644
3.87,67.7,-19.6,101927
3.91,53.2,-1.5,104616
3.92,129.3,-9.9,106088
3.92,52.8,-4.8,103226
3.93,52.4,-4.8,105674
3.95,51.6,-40.8,103131
3.96,51.3,-36.6,88976
3.98,25.4,-22.4,97482
3.98,75.6,-2.3,105633
3.98,12.8,-10.6,104103
3.99,25.1,-16.3,105651
3.99,0.0,-12.0,105935
4.06,-31.3,-40.6,41755
4.11,21.4,-6.8,104712
4.11,9.2,-28.2,105351
4.13,8.7,-5.8,92408
4.16,7.9,12.5,104423
4.19,-16.7,-50.4,84958
4.31,4.2,-51.7,96181
4.39,13.7,-44.6,92666
4.4,58.9,-7.5,106257
4.41,24.5,-5.9,101778
4.44,12.4,-38.1,101262
4.45,68.3,-6.7,101231
4.48,44.9,-7.1,106528
4.58,41.7,4.4,99263
4.59,95.9,-5.0,105774
4.64,50.6,-24.1,106560
4.64,29.1,-12.5,105272
4.71,48.4,27.8,70649
4.75,-16.0,-28.0,88894
4.76,-72.9,-77.9,99806
4.79,25.1,-15.2,105935
4.85,64.7,-4.1,104281
4.87,33.3,-11.5,90025
4.87,74.3,-14.8,105905
4.87,43.5,-19.7,96258
4.87,43.5,2.7,106329
4.88,43.2,-16.0,106055
4.88,84.2,-3.9,102061
4.9,63.1,0.8,104952
4.92,21.7,-27.0,83212
4.93,102.6,16.2,106172
4.97,40.6,-8.0,76948
5.0,79.8,8.6,105595
5.01,79.4,-3.0,105851
5.05,58.2,-5.3,105830
5.08,-31.3,-63.0,72956
5.09,7.9,-36.5,102968
5.1,7.6,-9.2,94360
5.11,46.6,-28.8,105861
5.12,-12.3,-39.1,96097
5.13,36.3,-6.8,96292
5.15,16.3,1.2,106384
5.16,93.6,4.5,103283
5.19,5.8,-43.7,104782
5.19,-13.5,-49.5,88097
5.22,33.9,-22.0,105058
5.22,33.9,-6.5,83677
5.26,51.9,-1.0,105770
5.27,51.6,-3.4,101933
5.3,60.2,-6.0,103717
5.31,31.6,-3.0,99570
5.5,-18.4,-2.7,94360
5.54,44.2,-3.2,98645
5.54,62.3,-24.9,103878
5.55,35.0,-17.5,101711
5.57,43.4,-3.2,101220
5.58,-59.0,-86.4,94731
5.74,4.4,4.4,88251
5.74,56.6,-18.6,106647
5.74,65.3,8.7,86008
5.76,-30.7,-56.8,82960
5.79,12.1,-10.4,97078
5.79,38.0,-6.6,104658
5.83,28.5,-42.0,95982
5.84,-23.1,-57.0,83800
5.84,53.9,-10.8,102451
5.88,10.4,-23.5,101025
5.94,0.8,-12.6,101826
5.98,-33.3,-55.0,81722
5.99,58.4,11.9,91075
5.99,0.0,-22.2,97658
6.0,-41.8,-74.3,87566
6.03,24.2,-13.6,102150
6.22,28.5,-36.5,104956
6.24,28.0,-9.9,103650
6.29,-20.7,-33.9,33843
6.3,-20.8,-27.1,70925
6.36,33.5,-7.9,95557
6.38,40.9,-31.5,105587
6.39,-6.3,-31.9,90352
6.39,72.0,-5.6,104929
6.4,24.8,-9.2,101752
6.43,39.8,3.1,104072
6.51,22.7,-16.0,89817
6.53,45.3,3.4,98586
6.54,37.5,-40.5,105649
6.55,44.9,16.0,84620
6.66,50.0,-12.9,103046
6.66,-2.6,1.5,50838
6.66,80.0,1.5,95949
6.67,-32.7,-61.0,68912
6.69,34.4,-20.8,104956
6.75,-18.7,-39.9,100205
6.77,62.3,-15.7,105661
6.87,38.1,-6.8,100252
6.9,131.7,16.8,106068
6.93,15.3,-22.2,100745
7.01,85.3,1.7,106510
7.12,-29.9,-56.0,95557
7.23,3.6,-23.8,86412
7.28,51.0,-0.8,104991
7.4,62.0,5.5,95118
7.43,34.5,0.9,102131
7.5,59.9,-11.9,105796
7.5,26.5,-1.2,97482
7.51,33.0,142.1,77998
7.56,58.6,4.0,104730
7.59,18.4,-5.9,97300
7.59,31.6,-4.0,101442
7.71,-9.3,-17.0,98463
7.73,55.1,-5.7,102235
7.73,42.2,-8.0,106395
7.77,2.8,3.1,97336
7.8,40.9,0.0,102196
7.83,40.4,-5.1,106089
7.92,64.0,-1.5,105168
7.96,50.6,4.1,100626
8.12,47.7,7.5,89884
8.13,-26.3,-27.1,82573
8.14,59.6,8.7,104197
8.17,-26.7,1.3,96292
8.18,46.6,-10.9,106350
8.19,15.9,-12.3,85908
8.2,70.6,1.0,104984
8.27,57.1,-23.6,103383
8.36,19.5,-37.7,95408
8.36,-16.4,-1.7,103096
8.39,-4.8,-35.5,76948
8.4,18.9,-1.2,106142
8.4,66.5,-13.3,93756
8.48,-11.7,-27.1,87566
8.5,-11.9,-54.1,101730
8.51,-0.2,-26.6,93224
8.62,27.5,-15.4,103006
8.62,-7.3,-29.5,102365
8.62,10.1,-3.4,99672
8.71,60.6,-0.6,106038
8.77,2.5,-19.6,92101
8.81,36.1,-17.3,102081
8.93,-77.7,-80.1,48199
8.97,33.7,-23.5,102752
9.12,42.4,-39.9,104483
9.19,52.2,-17.6,100238
9.28,29.2,-21.1,95039
9.32,50.1,2.3,103712
9.39,80.9,-11.3,100385
9.44,-4.8,-48.5,94527
9.58,46.0,-7.6,103929
9.72,23.4,-19.9,88422
9.89,11.1,-21.1,103567
9.94,10.6,-5.9,100607
9.95,60.7,-1.7,104330
9.95,50.7,-6.1,103800
9.96,60.5,4.4,106570
9.99,70.1,-2.5,106222
10.07,58.8,1.7,104594
10.1,68.2,-7.7,106012
10.1,68.2,3.0,103637
10.17,-55.9,-64.3,100134
10.26,26.6,-11.3,104549
10.36,-8.4,-38.7,99900
10.41,-18.4,-41.0,52125
10.53,4.4,-29.0,89817
10.59,13.2,-26.3,98586
10.59,32.1,5.9,104562
10.67,-15.7,-17.5,66317
10.84,29.1,-10.1,100577
10.99,45.5,-3.8,105845
11.0,54.5,2.2,96873
11.03,45.0,3.8,98487
11.14,7.6,-15.2,100521
11.17,34.2,-6.9,106333
11.25,51.0,-4.7,106180
11.45,48.4,-11.8,105846
11.46,13.4,-18.2,106074
11.47,-56.5,-69.7,95900
11.52,47.5,5.7,105980
11.56,47.0,-5.4,103498
11.73,44.8,-2.3,92715
11.79,44.1,-14.5,100993
11.89,42.9,3.8,104288
11.92,59.3,-3.9,105095
11.93,-24.6,-39.9,83677
12.06,-62.8,-75.3,93691
12.07,32.5,-15.2,106042
12.17,-9.7,4.2,80550
12.33,13.5,-7.1,103700
12.35,-11.0,-28.3,85195
12.47,-3.8,-17.3,95118
12.56,67.1,3.7,104407
12.71,-45.0,-45.0,95649
12.78,17.3,-14.2,86008
12.85,8.9,-8.8,103063
12.95,-15.1,-19.5,85809
13.08,-16.0,-37.3,85301
13.32,27.6,-2.3,105334
13.54,32.9,-0.2,98920
13.56,17.9,-36.1,104249
13.85,22.7,-6.0,102441
13.92,7.7,-7.7,92458
13.92,65.2,4.2,106380
13.98,21.5,-3.7,101093
13.98,78.8,2.4,97280
14.1,20.5,-34.4,103957
14.28,54.0,-3.4,103706
14.29,46.9,-3.5,106235
14.3,67.8,2.0,98816
14.37,18.2,-21.8,103056
14.53,44.5,0.3,103487
14.74,-11.9,-9.9,73931
14.84,-5.7,26.3,76753
15.23,31.3,-8.3,92554
15.25,-1.7,-19.3,100698
15.29,-15.0,-28.4,101421
15.46,35.8,-3.4,104727
15.47,-29.0,-56.3,87096
15.55,9.3,-2.9,106113
15.87,13.4,-16.9,102376
16.01,-31.4,-34.9,104269
16.04,-31.5,-39.1,70925
16.21,11.0,-10.1,98801
16.53,27.0,0.6,97810
16.61,38.4,-5.9,105953
16.76,-10.6,-15.2,100453
16.87,30.3,3.1,100595
17.12,10.9,-14.9,93458
17.24,27.6,-5.0,96470
17.28,62.0,1.7,105466
17.28,33.0,-3.5,98158
17.32,27.0,4.8,91923
17.52,42.6,-3.0,91386
17.55,13.9,-5.0,99369
17.57,2.4,0.7,97633
17.61,7.8,-20.2,106032
17.71,18.5,-6.9,100001
17.8,-38.3,-47.6,68294
17.8,17.9,-23.9,106077
17.86,56.7,5.0,100760
17.99,27.8,4.2,102334
18.05,5.2,-16.5,101778
18.11,15.9,-7.5,101164
18.12,15.8,-3.4,105507
18.32,9.1,-11.0,92959
18.38,14.2,-4.6,83212
18.46,-8.0,-15.4,96709
18.56,2.3,-23.3,77998
18.69,49.8,0.2,106107
18.74,-70.7,-77.5,82316
19.0,-10.6,-32.4,95649
20.06,19.6,-1.9,88976
20.1,49.2,0.0,102878
20.2,38.6,-12.4,104875
20.32,23.0,-9.3,103122
20.32,13.1,-24.3,98013
20.32,37.7,-1.1,104798
20.38,37.3,-4.2,106404
20.49,17.1,-1.3,99410
20.68,6.3,-1.8,93407
22.21,8.0,12.6,66996
22.25,12.3,-9.9,103359
23.92,58.8,3.3,89400
23.95,16.9,-19.0,103679
24.05,58.0,-5.0,102684
24.52,-59.3,-54.2,84506
24.8,12.9,5.0,87096
25.64,-49.3,-67.4,72418
25.66,-2.6,-3.5,95521
26.08,64.8,-2.6,104140
26.56,43.0,3.9,92816
26.94,41.0,7.9,103947
26.99,22.2,-8.4,96017
27.2,58.1,3.4,103383
27.66,-9.7,-5.9,95869
27.68,44.5,32.0,90352
27.71,19.1,-3.2,87477
28.24,-97.2,-98.1,80694
28.69,15.0,-3.8,96375
28.7,39.3,7.0,104508
28.72,21.8,-35.0,100192
28.96,31.2,-2.9,100877
29.29,-4.4,-15.5,81722
29.68,28.0,-3.5,104785
29.88,0.4,-3.4,99692
30.51,40.9,-2.7,104178
30.87,13.3,-13.2,102020
31.09,6.1,-10.9,77661
32.2,24.2,-0.6,97745
32.24,24.0,-12.0,105474
32.7,46.8,7.2,101072
32.73,46.6,-2.3,100720
32.85,-14.8,-43.0,97214
32.88,-14.9,-11.9,73430
32.94,66.9,1.2,106185
33.5,34.3,9.7,101389
33.57,28.1,-7.8,87566
33.77,33.2,-7.5,101659
34.25,40.1,-21.7,99837
35.53,12.6,2.6,104463
35.87,53.3,-2.7,105180
35.94,61.4,32.9,101584
36.03,19.3,-3.2,104603
36.66,-40.0,-55.5,68912
37.26,61.0,37.0,101730
37.65,-33.6,-14.8,71675
37.69,27.3,-4.4,102673
37.71,6.0,-0.6,100914
37.78,13.8,0.2,105676
37.83,45.4,-2.3,98086
37.88,0.3,-33.7,96258
38.31,17.4,3.3,104238
38.56,42.6,11.7,99875
38.69,16.3,-20.0,96636
38.84,-22.8,-20.2,77998
39.7,-4.3,-21.3,85301
40.69,42.5,0.2,104428
40.76,-14.2,-27.8,52683
41.59,20.2,-5.2,104366
41.68,15.1,-2.5,92611
42.64,-29.7,-4.9,71675
43.41,26.7,-7.6,91075
43.41,26.7,6.7,101554
47.06,16.9,4.4,97078
47.36,16.1,0.1,99471
49.35,62.1,-0.8,105960
50.05,39.8,-14.7,103929
50.6,8.7,-0.4,78990
50.92,8.0,-6.8,104444
52.15,34.2,-0.3,104423
52.51,33.3,-3.8,93458
52.87,32.4,5.8,86114
53.47,8.5,-10.3,95982
53.58,-82.3,-82.7,88587
54.4,28.7,-10.0,94571
55.26,44.8,2.8,96967
57.16,13.7,-5.1,74762
57.79,21.1,5.0,104531
60.08,-8.5,-19.7,82573
61.51,21.9,-11.5,80075
62.3,12.3,-5.1,94731
62.64,-47.3,-67.7,82573
63.0,-4.8,-15.7,89611
66.68,42.5,2.7,98334
67.34,33.6,-0.8,73931
69.89,7.3,-16.6,77998
73.74,-89.2,-92.3,50226
75.5,-7.3,-18.6,88097
75.78,25.3,7.2,101042
96.04,24.9,-18.7,100030
99.75,60.4,7.2,94238
106.14,3.6,-11.6,101249
115.52,-4.8,-18.8,86811
134.33,-56.8,-47.3,83800
163.39,22.4,2.0,82818
168.45,-67.4,-76.5,77661
247.48,1.0,-11.2,78990
260.45,34.4,20.0,89745
470.23,-90.9,-89.0,82170
