productId,name,set,key
265188,Omniscience,Judge Promos,omniscience
38201,Llanowar Elves,WPN & Gateway Promos,llanowar elves
162905,Llanowar Elves,Open House Promos,llanowar elves
38298,Cancel,Magic Player Rewards,cancel
38297,Burst Lightning,Magic Player Rewards,burst lightning
38305,Day of Judgment,Magic Player Rewards,day of judgment
38318,Lightning Helix,Magic Player Rewards,lightning helix
38323,Negate,Magic Player Rewards,negate
38332,Pyroclasm,Magic Player Rewards,pyroclasm
70712,Scavenging Ooze,Media Promos,scavenging ooze
551636,Sleight of Hand,Media Promos,sleight of hand
37978,Duress,Arena Promos,duress
139778,Abrade,Game Day & Store Championship Promos,abrade
650711,Bitter Triumph,Game Day & Store Championship Promos,bitter triumph
625639,Preacher of the Schism,Game Day & Store Championship Promos,preacher of the schism
282473,Spell Pierce,Game Day & Store Championship Promos,spell pierce
650730,Slickshot Show-Off,Game Day & Store Championship Promos,slickshot showoff
624063,Virtue of Persistence,Game Day & Store Championship Promos,virtue of persistence
254546,Blood Crypt,The List Reprints,blood crypt
222437,Bloodghast,The List Reprints,bloodghast
582893,Bushwhack,The List Reprints,bushwhack
203689,Cancel,The List Reprints,cancel
229291,Cavern of Souls,The List Reprints,cavern of souls
203668,Duress,The List Reprints,duress
203960,Essence Scatter,The List Reprints,essence scatter
631650,Fabled Passage,The List Reprints,fabled passage
203981,Flashfreeze,The List Reprints,flashfreeze
582720,Heartless Act,The List Reprints,heartless act
203343,Lightning Helix,The List Reprints,lightning helix
203419,Llanowar Elves,The List Reprints,llanowar elves
204105,Opt,The List Reprints,opt
262920,Pyroclasm,The List Reprints,pyroclasm
222471,Rest in Peace,The List Reprints,rest in peace
507586,Scavenging Ooze,The List Reprints,scavenging ooze
204651,Shock,The List Reprints,shock
533196,Spell Snare,The List Reprints,spell snare
658357,"Carnage, Crimson Chaos",Play Promos,carnage crimson chaos
658360,Spectacular Spider-Man,Play Promos,spectacular spiderman
660652,Day of Black Sun,Unique and Miscellaneous Promos,day of black sun
650783,Get Lost,Unique and Miscellaneous Promos,get lost
660650,Gran-Gran,Unique and Miscellaneous Promos,grangran
660500,"Momo, Friendly Flier",Unique and Miscellaneous Promos,momo friendly flier
701596,Sazh's Chocobo,Unique and Miscellaneous Promos,sazhs chocobo
608001,Terror of the Peaks,Unique and Miscellaneous Promos,terror of the peaks
95916,Disdainful Stroke,FNM Promos,disdainful stroke
38091,Duress,FNM Promos,duress
38124,Llanowar Elves,FNM Promos,llanowar elves
164093,Opt,FNM Promos,opt
38153,Shock,FNM Promos,shock
562024,Sleight of Hand,Pro Tour Promos,sleight of hand
169683,Forest,Grand Prix Promos,forest
169684,Island,Grand Prix Promos,island
39330,Maelstrom Pulse,Grand Prix Promos,maelstrom pulse
169686,Plains,Grand Prix Promos,plains
169685,Mountain,Grand Prix Promos,mountain
169687,Swamp,Grand Prix Promos,swamp
237582,Blood Crypt,Secret Lair Drop Series,blood crypt
517838,Blooming Marsh,Secret Lair Drop Series,blooming marsh
237578,Breeding Pool,Secret Lair Drop Series,breeding pool
517831,Concealed Courtyard,Secret Lair Drop Series,concealed courtyard
259299,Duress,Secret Lair Drop Series,duress
237580,Godless Shrine,Secret Lair Drop Series,godless shrine
237577,Hallowed Fountain,Secret Lair Drop Series,hallowed fountain
237584,Overgrown Tomb,Secret Lair Drop Series,overgrown tomb
221332,Rest in Peace,Secret Lair Drop Series,rest in peace
701532,Return the Favor,Secret Lair Drop Series,return the favor
693223,Roaming Throne,Secret Lair Drop Series,roaming throne
237586,Sacred Foundry,Secret Lair Drop Series,sacred foundry
221011,Scavenging Ooze,Secret Lair Drop Series,scavenging ooze
695483,Sheltered by Ghosts,Secret Lair Drop Series,sheltered by ghosts
702344,Shoot the Sheriff,Secret Lair Drop Series,shoot the sheriff
517833,Spirebluff Canal,Secret Lair Drop Series,spirebluff canal
237583,Steam Vents,Secret Lair Drop Series,steam vents
237585,Stomping Ground,Secret Lair Drop Series,stomping ground
237579,Temple Garden,Secret Lair Drop Series,temple garden
691920,Terror of the Peaks,Secret Lair Drop Series,terror of the peaks
237581,Watery Grave,Secret Lair Drop Series,watery grave
663126,"Aang, Swift Savior",Prerelease Cards,aang swift savior
663144,Abandoned Air Temple,Prerelease Cards,abandoned air temple
663145,Agna Qel'a,Prerelease Cards,agna qela
663091,Airbender Ascension,Prerelease Cards,airbender ascension
635773,"Ardyn, the Usurper",Prerelease Cards,ardyn the usurper
663092,Avatar's Wrath,Prerelease Cards,avatars wrath
546087,Aven Interrupter,Prerelease Cards,aven interrupter
625826,Awaken the Honored Dead,Prerelease Cards,awaken the honored dead
663146,Ba Sing Se,Prerelease Cards,ba sing se
663082,Badgermole Cub,Prerelease Cards,badgermole cub
561012,"Beza, the Bounding Spring",Prerelease Cards,beza the bounding spring
580702,Blazemire Verge,Prerelease Cards,blazemire verge
616815,Bleachbone Verge,Prerelease Cards,bleachbone verge
616759,Bloodghast,Prerelease Cards,bloodghast
593242,Bloodthirsty Conqueror,Prerelease Cards,bloodthirsty conqueror
645448,Breeding Pool,Prerelease Cards,breeding pool
616788,Brightglass Gearhulk,Prerelease Cards,brightglass gearhulk
526798,Bringer of the Last Gift,Prerelease Cards,bringer of the last gift
616769,Burnout Bashtronaut,Prerelease Cards,burnout bashtronaut
653485,"Carnage, Crimson Chaos",Prerelease Cards,carnage crimson chaos
526784,Cavern of Souls,Prerelease Cards,cavern of souls
635774,"Cecil, Dark Knight",Prerelease Cards,cecil dark knight
625800,Clarion Conqueror,Prerelease Cards,clarion conqueror
645388,Consult the Star Charts,Prerelease Cards,consult the star charts
625852,Cori Mountain Monastery,Prerelease Cards,cori mountain monastery
645379,Cosmogrand Zenith,Prerelease Cards,cosmogrand zenith
561014,Dawn's Truce,Prerelease Cards,dawns truce
663105,Day of Black Sun,Prerelease Cards,day of black sun
593176,Day of Judgment,Prerelease Cards,day of judgment
536495,Deadly Cover-Up,Prerelease Cards,deadly coverup
255196,Deathcap Glade,Prerelease Cards,deathcap glade
580675,Doomsday Excruciator,Prerelease Cards,doomsday excruciator
625783,Dracogenesis,Prerelease Cards,dracogenesis
255197,Dreamroot Cascade,Prerelease Cards,dreamroot cascade
546089,Dust Animus,Prerelease Cards,dust animus
645429,"Dyadrine, Synthesis Amalgam",Prerelease Cards,dyadrine synthesis amalgam
663121,Earthbender Ascension,Prerelease Cards,earthbender ascension
625779,"Elspeth, Storm Slayer",Prerelease Cards,elspeth storm slayer
561049,Emberheart Challenger,Prerelease Cards,emberheart challenger
580663,Enduring Curiosity,Prerelease Cards,enduring curiosity
580677,Enduring Tenacity,Prerelease Cards,enduring tenacity
580652,Enduring Innocence,Prerelease Cards,enduring innocence
635804,Esper Origins,Prerelease Cards,esper origins
593184,Extravagant Replication,Prerelease Cards,extravagant replication
561091,Fabled Passage,Prerelease Cards,fabled passage
580703,Floodfarm Verge,Prerelease Cards,floodfarm verge
526766,Get Lost,Prerelease Cards,get lost
580700,Ghost Vacuum,Prerelease Cards,ghost vacuum
580704,Gloomlake Verge,Prerelease Cards,gloomlake verge
645450,Godless Shrine,Prerelease Cards,godless shrine
514428,Gumdrop Poisoner,Prerelease Cards,gumdrop poisoner
645381,"Haliya, Guided by Light",Prerelease Cards,haliya guided by light
546091,High Noon,Prerelease Cards,high noon
561052,Hired Claw,Prerelease Cards,hired claw
580705,Hushwood Verge,Prerelease Cards,hushwood verge
645421,Icetill Explorer,Prerelease Cards,icetill explorer
536508,Ill-Timed Explosion,Prerelease Cards,illtimed explosion
625835,Inevitable Defeat,Prerelease Cards,inevitable defeat
625791,Jeskai Revelation,Prerelease Cards,jeskai revelation
580679,"Kaito, Bane of Nightmares",Prerelease Cards,kaito bane of nightmares
645451,"Kavaron, Memorial World",Prerelease Cards,kavaron memorial world
561063,Keen-Eyed Curator,Prerelease Cards,keeneyed curator
625855,Kishla Village,Prerelease Cards,kishla village
635850,"Lindblum, Industrial Regency",Prerelease Cards,lindblum industrial regency
536523,Lost in the Maze,Prerelease Cards,lost in the maze
616781,Lumbering Worldwagon,Prerelease Cards,lumbering worldwagon
625806,Marang River Regent,Prerelease Cards,marang river regent
536526,Meticulous Archive,Prerelease Cards,meticulous archive
645423,Mightform Harmonizer,Prerelease Cards,mightform harmonizer
625857,Mistrise Village,Prerelease Cards,mistrise village
663094,"Momo, Friendly Flier",Prerelease Cards,momo friendly flier
593216,Mossborn Hydra,Prerelease Cards,mossborn hydra
653506,Multiversal Passage,Prerelease Cards,multiversal passage
645409,Nova Hellkite,Prerelease Cards,nova hellkite
616801,Oildeep Gearhulk,Prerelease Cards,oildeep gearhulk
169978,Omniscience,Prerelease Cards,omniscience
645424,Ouroboroid,Prerelease Cards,ouroboroid
536533,Outrageous Robbery,Prerelease Cards,outrageous robbery
580662,Overlord of the Balemurk,Prerelease Cards,overlord of the balemurk
561066,Pawpatch Recruit,Prerelease Cards,pawpatch recruit
526703,Preacher of the Schism,Prerelease Cards,preacher of the schism
645392,Quantum Riddler,Prerelease Cards,quantum riddler
625811,Qarsi Revenant,Prerelease Cards,qarsi revenant
561087,"Ral, Crackling Wit",Prerelease Cards,ral crackling wit
663110,Raven Eagle,Prerelease Cards,raven eagle
514416,Restless Cottage,Prerelease Cards,restless cottage
526800,Restless Reef,Prerelease Cards,restless reef
514377,Restless Vinestalk,Prerelease Cards,restless vinestalk
616817,Riverpyre Verge,Prerelease Cards,riverpyre verge
526793,Roaming Throne,Prerelease Cards,roaming throne
645452,Sacred Foundry,Prerelease Cards,sacred foundry
625801,Sage of the Skies,Prerelease Cards,sage of the skies
653479,"Sandman, Shifting Scoundrel",Prerelease Cards,sandman shifting scoundrel
561030,Season of Weaving,Prerelease Cards,season of weaving
255198,Shattered Sanctum,Prerelease Cards,shattered sanctum
593210,Slagstorm,Prerelease Cards,slagstorm
546112,Slickshot Show-Off,Prerelease Cards,slickshot showoff
593235,Soulstone Sanctuary,Prerelease Cards,soulstone sanctuary
653456,Spider-Sense,Prerelease Cards,spidersense
580657,Split Up,Prerelease Cards,split up
635852,Starting Town,Prerelease Cards,starting town
546113,Stingerback Terror,Prerelease Cards,stingerback terror
645454,Stomping Ground,Prerelease Cards,stomping ground
561031,Stormchaser's Talent,Prerelease Cards,stormchasers talent
255199,Stormcarved Coast,Prerelease Cards,stormcarved coast
526747,Subterranean Schooner,Prerelease Cards,subterranean schooner
255200,Sundown Pass,Prerelease Cards,sundown pass
561057,Sunspine Lynx,Prerelease Cards,sunspine lynx
653498,Superior Spider-Man,Prerelease Cards,superior spiderman
625824,"Surrak, Elusive Hunter",Prerelease Cards,surrak elusive hunter
514404,The Huntsman's Redemption,Prerelease Cards,the huntsmans redemption
663080,The Legend of Roku,Prerelease Cards,the legend of roku
663101,The Unagi of Kyoshi Island,Prerelease Cards,the unagi of kyoshi island
177506,Thousand-Year Storm,Prerelease Cards,thousandyear storm
546099,Three Steps Ahead,Prerelease Cards,three steps ahead
526732,Tishana's Tidebinder,Prerelease Cards,tishanas tidebinder
536558,Underground Mortuary,Prerelease Cards,underground mortuary
536557,Undercity Sewers,Prerelease Cards,undercity sewers
645456,"Uthros, Titanic Godcore",Prerelease Cards,uthros titanic godcore
514401,Virtue of Persistence,Prerelease Cards,virtue of persistence
625803,Voice of Victory,Prerelease Cards,voice of victory
663075,"Wan Shi Tong, Librarian",Prerelease Cards,wan shi tong librarian
616819,Wastewood Verge,Prerelease Cards,wastewood verge
645457,Watery Grave,Prerelease Cards,watery grave
514384,Werefox Bodyguard,Prerelease Cards,werefox bodyguard
616820,Willowrush Verge,Prerelease Cards,willowrush verge
625809,Winternight Stories,Prerelease Cards,winternight stories
663117,"Zhao, the Moon Slayer",Prerelease Cards,zhao the moon slayer
547713,Disdainful Stroke,Standard Showdown Promos,disdainful stroke
696493,"Quicksilver, Brash Blur",Standard Showdown Promos,quicksilver brash blur
547715,Snakeskin Veil,Standard Showdown Promos,snakeskin veil
697506,Fabled Passage,Commander: Marvel Super Heroes,fabled passage
697453,Secluded Courtyard,Commander: Marvel Super Heroes,secluded courtyard
697347,Shock,Commander: Marvel Super Heroes,shock
696560,Avengers Disassembled,Marvel Super Heroes,avengers disassembled
696561,Death to Our Enemies,Marvel Super Heroes,death to our enemies
696353,Gathering Place,Marvel Super Heroes,gathering place
696564,"Hawkeye, Master Marksman",Marvel Super Heroes,hawkeye master marksman
696355,Hidden Lair,Marvel Super Heroes,hidden lair
696535,Jennifer Walters,Marvel Super Heroes,jennifer walters
696242,M.O.D.O.K.,Marvel Super Heroes,modok
668459,"Quicksilver, Brash Blur",Marvel Super Heroes,quicksilver brash blur
696299,"Thor, God of Thunder",Marvel Super Heroes,thor god of thunder
696311,"Tigra, Feline Fury",Marvel Super Heroes,tigra feline fury
696992,We Say Thee Nay!,Marvel Super Heroes,we say thee nay
689899,Colorstorm Stallion,Promo Pack: Secrets of Strixhaven,colorstorm stallion
689914,Deathcap Glade,Promo Pack: Secrets of Strixhaven,deathcap glade
689915,Dreamroot Cascade,Promo Pack: Secrets of Strixhaven,dreamroot cascade
689843,Echocasting Symposium,Promo Pack: Secrets of Strixhaven,echocasting symposium
689844,Emeritus of Ideation,Promo Pack: Secrets of Strixhaven,emeritus of ideation
689862,Erode,Promo Pack: Secrets of Strixhaven,erode
689882,Flashback,Promo Pack: Secrets of Strixhaven,flashback
689916,Great Hall of the Biblioplex,Promo Pack: Secrets of Strixhaven,great hall of the biblioplex
689904,Hardened Academic,Promo Pack: Secrets of Strixhaven,hardened academic
689851,Improvisation Capstone,Promo Pack: Secrets of Strixhaven,improvisation capstone
689876,"Moseo, Vein's New Dean",Promo Pack: Secrets of Strixhaven,moseo veins new dean
689917,Petrified Hamlet,Promo Pack: Secrets of Strixhaven,petrified hamlet
689865,Practiced Offense,Promo Pack: Secrets of Strixhaven,practiced offense
689805,Prismari Charm,Promo Pack: Secrets of Strixhaven,prismari charm
689856,Professor Dellian Fel,Promo Pack: Secrets of Strixhaven,professor dellian fel
689908,Resonating Lute,Promo Pack: Secrets of Strixhaven,resonating lute
689918,Shattered Sanctum,Promo Pack: Secrets of Strixhaven,shattered sanctum
689873,Skycoach Conductor,Promo Pack: Secrets of Strixhaven,skycoach conductor
693243,Soulstone Sanctuary,Promo Pack: Secrets of Strixhaven,soulstone sanctuary
689919,Stormcarved Coast,Promo Pack: Secrets of Strixhaven,stormcarved coast
689860,Together as One,Promo Pack: Secrets of Strixhaven,together as one
689911,Traumatic Critique,Promo Pack: Secrets of Strixhaven,traumatic critique
689920,Sundown Pass,Promo Pack: Secrets of Strixhaven,sundown pass
689849,Withering Curse,Promo Pack: Secrets of Strixhaven,withering curse
689807,Witherbloom Charm,Promo Pack: Secrets of Strixhaven,witherbloom charm
686531,Colorstorm Stallion,Secrets of Strixhaven,colorstorm stallion
688650,Daydream,Secrets of Strixhaven,daydream
686571,Deathcap Glade,Secrets of Strixhaven,deathcap glade
686573,Dreamroot Cascade,Secrets of Strixhaven,dreamroot cascade
688689,Echocasting Symposium,Secrets of Strixhaven,echocasting symposium
689458,Essence Scatter,Secrets of Strixhaven,essence scatter
686601,Emeritus of Ideation,Secrets of Strixhaven,emeritus of ideation
688651,Erode,Secrets of Strixhaven,erode
688521,Flashback,Secrets of Strixhaven,flashback
688679,Flow State,Secrets of Strixhaven,flow state
688085,Great Hall of the Biblioplex,Secrets of Strixhaven,great hall of the biblioplex
686540,Hardened Academic,Secrets of Strixhaven,hardened academic
688973,Impractical Joke,Secrets of Strixhaven,impractical joke
686575,Improvisation Capstone,Secrets of Strixhaven,improvisation capstone
689476,"Moseo, Vein's New Dean",Secrets of Strixhaven,moseo veins new dean
688982,Petrified Hamlet,Secrets of Strixhaven,petrified hamlet
688654,Practiced Offense,Secrets of Strixhaven,practiced offense
686597,Prismari Charm,Secrets of Strixhaven,prismari charm
686600,Professor Dellian Fel,Secrets of Strixhaven,professor dellian fel
686606,"Sanar, Unfinished Genius",Secrets of Strixhaven,sanar unfinished genius
688477,Resonating Lute,Secrets of Strixhaven,resonating lute
689480,Send in the Pest,Secrets of Strixhaven,send in the pest
688971,Skycoach Conductor,Secrets of Strixhaven,skycoach conductor
686574,Shattered Sanctum,Secrets of Strixhaven,shattered sanctum
686583,Sundown Pass,Secrets of Strixhaven,sundown pass
686581,Stormcarved Coast,Secrets of Strixhaven,stormcarved coast
689495,Tablet of Discovery,Secrets of Strixhaven,tablet of discovery
686517,Together as One,Secrets of Strixhaven,together as one
688479,Traumatic Critique,Secrets of Strixhaven,traumatic critique
689531,Vibrant Outburst,Secrets of Strixhaven,vibrant outburst
686612,Witherbloom Charm,Secrets of Strixhaven,witherbloom charm
686541,Withering Curse,Secrets of Strixhaven,withering curse
688837,Abrade,Secrets of Strixhaven: Mystical Archive,abrade
688855,Bitter Triumph,Secrets of Strixhaven: Mystical Archive,bitter triumph
688866,Burst Lightning,Secrets of Strixhaven: Mystical Archive,burst lightning
686636,Disdainful Stroke,Secrets of Strixhaven: Mystical Archive,disdainful stroke
688893,Pick Your Poison,Secrets of Strixhaven: Mystical Archive,pick your poison
688926,Requisition Raid,Secrets of Strixhaven: Mystical Archive,requisition raid
688928,Return the Favor,Secrets of Strixhaven: Mystical Archive,return the favor
689150,Sleight of Hand,Secrets of Strixhaven: Mystical Archive,sleight of hand
688961,Spell Pierce,Secrets of Strixhaven: Mystical Archive,spell pierce
687490,Abrade,Commander: Secrets of Strixhaven,abrade
675591,Stock Up,Secrets of Strixhaven: Mystical Archive,stock up
687391,Bloodghast,Commander: Secrets of Strixhaven,bloodghast
687665,Fabled Passage,Commander: Secrets of Strixhaven,fabled passage
687523,Sheltered by Ghosts,Commander: Secrets of Strixhaven,sheltered by ghosts
679625,Fabled Passage,Commander: Teenage Mutant Ninja Turtles,fabled passage
673622,Cool but Rude,Teenage Mutant Ninja Turtles,cool but rude
680261,Dream Beavers,Teenage Mutant Ninja Turtles,dream beavers
679609,Escape Tunnel,Teenage Mutant Ninja Turtles,escape tunnel
673562,"Leatherhead, Swamp Stalker",Teenage Mutant Ninja Turtles,leatherhead swamp stalker
673550,"Leonardo, Cutting Edge",Teenage Mutant Ninja Turtles,leonardo cutting edge
679073,Negate,Teenage Mutant Ninja Turtles,negate
673664,North Wind Avatar,Teenage Mutant Ninja Turtles,north wind avatar
680272,"Oroku Saki, Shredder Rising",Teenage Mutant Ninja Turtles,oroku saki shredder rising
656679,Ashling's Command,Lorwyn Eclipsed,ashlings command
656663,"Ashling, Rekindled",Lorwyn Eclipsed,ashling rekindled
656687,Blood Crypt,Lorwyn Eclipsed,blood crypt
656681,Deceit,Lorwyn Eclipsed,deceit
671582,Eclipsed Realms,Lorwyn Eclipsed,eclipsed realms
671176,Flamebraider,Lorwyn Eclipsed,flamebraider
656667,Formidable Speaker,Lorwyn Eclipsed,formidable speaker
671753,Glen Elendra Guardian,Lorwyn Eclipsed,glen elendra guardian
656703,Hallowed Fountain,Lorwyn Eclipsed,hallowed fountain
670979,Iron-Shield Elf,Lorwyn Eclipsed,ironshield elf
671005,Hexing Squelcher,Lorwyn Eclipsed,hexing squelcher
671780,Moonshadow,Lorwyn Eclipsed,moonshadow
671043,"Oko, Lorwyn Liege",Lorwyn Eclipsed,oko lorwyn liege
656709,Overgrown Tomb,Lorwyn Eclipsed,overgrown tomb
671470,Omni-Changeling,Lorwyn Eclipsed,omnichangeling
671463,Pyrrhic Strike,Lorwyn Eclipsed,pyrrhic strike
671489,Requiting Hex,Lorwyn Eclipsed,requiting hex
671577,Sapling Nursery,Lorwyn Eclipsed,sapling nursery
671007,Sear,Lorwyn Eclipsed,sear
671055,Spell Snare,Lorwyn Eclipsed,spell snare
671537,Springleaf Drum,Lorwyn Eclipsed,springleaf drum
671473,Sunderflock,Lorwyn Eclipsed,sunderflock
656711,Steam Vents,Lorwyn Eclipsed,steam vents
656713,Temple Garden,Lorwyn Eclipsed,temple garden
671053,Virulent Emissary,Lorwyn Eclipsed,virulent emissary
670971,Vibrance,Lorwyn Eclipsed,vibrance
671525,Wistfulness,Lorwyn Eclipsed,wistfulness
671211,Opulent Palace,Commander: Lorwyn Eclipsed,opulent palace
671189,Secluded Courtyard,Commander: Lorwyn Eclipsed,secluded courtyard
672238,Ashling's Command,Promo Pack: Lorwyn Eclipsed,ashlings command
672222,"Ashling, Rekindled",Promo Pack: Lorwyn Eclipsed,ashling rekindled
672258,Blood Crypt,Promo Pack: Lorwyn Eclipsed,blood crypt
672281,Deceit,Promo Pack: Lorwyn Eclipsed,deceit
672208,Glen Elendra Guardian,Promo Pack: Lorwyn Eclipsed,glen elendra guardian
672231,Formidable Speaker,Promo Pack: Lorwyn Eclipsed,formidable speaker
672259,Hallowed Fountain,Promo Pack: Lorwyn Eclipsed,hallowed fountain
672227,Hexing Squelcher,Promo Pack: Lorwyn Eclipsed,hexing squelcher
671026,Iron-Shield Elf,Promo Pack: Lorwyn Eclipsed,ironshield elf
672272,Moonshadow,Promo Pack: Lorwyn Eclipsed,moonshadow
686673,Mossborn Hydra,Promo Pack: Lorwyn Eclipsed,mossborn hydra
672260,Overgrown Tomb,Promo Pack: Lorwyn Eclipsed,overgrown tomb
672270,"Oko, Lorwyn Liege",Promo Pack: Lorwyn Eclipsed,oko lorwyn liege
672233,Sapling Nursery,Promo Pack: Lorwyn Eclipsed,sapling nursery
671079,Sear,Promo Pack: Lorwyn Eclipsed,sear
672261,Steam Vents,Promo Pack: Lorwyn Eclipsed,steam vents
672211,Sunderflock,Promo Pack: Lorwyn Eclipsed,sunderflock
672262,Temple Garden,Promo Pack: Lorwyn Eclipsed,temple garden
677584,Torpor Orb,Promo Pack: Lorwyn Eclipsed,torpor orb
672283,Vibrance,Promo Pack: Lorwyn Eclipsed,vibrance
677585,Vaultborn Tyrant,Promo Pack: Lorwyn Eclipsed,vaultborn tyrant
671089,Virulent Emissary,Promo Pack: Lorwyn Eclipsed,virulent emissary
672284,Wistfulness,Promo Pack: Lorwyn Eclipsed,wistfulness
661919,"Aang, Swift Savior",Avatar: The Last Airbender,aang swift savior
649367,Abandon Attachments,Avatar: The Last Airbender,abandon attachments
662604,Accumulate Wisdom,Avatar: The Last Airbender,accumulate wisdom
660496,Airbender Ascension,Avatar: The Last Airbender,airbender ascension
662801,Abandoned Air Temple,Avatar: The Last Airbender,abandoned air temple
662403,Agna Qel'a,Avatar: The Last Airbender,agna qela
661938,Avatar's Wrath,Avatar: The Last Airbender,avatars wrath
662547,Ba Sing Se,Avatar: The Last Airbender,ba sing se
660570,Badgermole Cub,Avatar: The Last Airbender,badgermole cub
662084,Boomerang Basics,Avatar: The Last Airbender,boomerang basics
662106,Combustion Technique,Avatar: The Last Airbender,combustion technique
660525,Day of Black Sun,Avatar: The Last Airbender,day of black sun
660591,Dragonfly Swarm,Avatar: The Last Airbender,dragonfly swarm
662109,Earthbender Ascension,Avatar: The Last Airbender,earthbender ascension
662768,Firebending Lesson,Avatar: The Last Airbender,firebending lesson
660503,Gran-Gran,Avatar: The Last Airbender,grangran
649408,Heartless Act,Avatar: The Last Airbender,heartless act
662079,Iroh's Demonstration,Avatar: The Last Airbender,irohs demonstration
649372,It'll Quench Ya!,Avatar: The Last Airbender,itll quench ya
648654,"Momo, Friendly Flier",Avatar: The Last Airbender,momo friendly flier
661802,Octopus Form,Avatar: The Last Airbender,octopus form
661801,Origin of Metalbending,Avatar: The Last Airbender,origin of metalbending
661887,Price of Freedom,Avatar: The Last Airbender,price of freedom
662081,Raven Eagle,Avatar: The Last Airbender,raven eagle
660549,The Legend of Roku,Avatar: The Last Airbender,the legend of roku
661945,The Unagi of Kyoshi Island,Avatar: The Last Airbender,the unagi of kyoshi island
660516,"Wan Shi Tong, Librarian",Avatar: The Last Airbender,wan shi tong librarian
660742,White Lotus Hideout,Avatar: The Last Airbender,white lotus hideout
662573,"Zhao, the Moon Slayer",Avatar: The Last Airbender,zhao the moon slayer
651336,"Carnage, Crimson Chaos",Marvel's Spider-Man,carnage crimson chaos
646661,Multiversal Passage,Marvel's Spider-Man,multiversal passage
651333,"Sandman, Shifting Scoundrel",Marvel's Spider-Man,sandman shifting scoundrel
652302,Secret Identity,Marvel's Spider-Man,secret identity
646148,Shock,Marvel's Spider-Man,shock
651910,Spider-Sense,Marvel's Spider-Man,spidersense
651942,Superior Spider-Man,Marvel's Spider-Man,superior spiderman
642435,Annul,Edge of Eternities,annul
638910,Breeding Pool,Edge of Eternities,breeding pool
642437,Consult the Star Charts,Edge of Eternities,consult the star charts
642114,Cosmogrand Zenith,Edge of Eternities,cosmogrand zenith
644579,Divert Disaster,Edge of Eternities,divert disaster
643506,"Dyadrine, Synthesis Amalgam",Edge of Eternities,dyadrine synthesis amalgam
643890,Full Bore,Edge of Eternities,full bore
644609,Gene Pollinator,Edge of Eternities,gene pollinator
638911,Godless Shrine,Edge of Eternities,godless shrine
641728,"Haliya, Guided by Light",Edge of Eternities,haliya guided by light
644286,Icetill Explorer,Edge of Eternities,icetill explorer
641943,"Kavaron, Memorial World",Edge of Eternities,kavaron memorial world
644628,Meltstrider's Resolve,Edge of Eternities,meltstriders resolve
643504,Mightform Harmonizer,Edge of Eternities,mightform harmonizer
641732,Nova Hellkite,Edge of Eternities,nova hellkite
641733,Ouroboroid,Edge of Eternities,ouroboroid
641734,Quantum Riddler,Edge of Eternities,quantum riddler
644618,Seam Rip,Edge of Eternities,seam rip
638912,Sacred Foundry,Edge of Eternities,sacred foundry
641739,Starfield Shepherd,Edge of Eternities,starfield shepherd
638913,Stomping Ground,Edge of Eternities,stomping ground
641748,"Uthros, Titanic Godcore",Edge of Eternities,uthros titanic godcore
638914,Watery Grave,Edge of Eternities,watery grave
642061,Escape Tunnel,Commander: Edge of Eternities,escape tunnel
642033,Fabled Passage,Commander: Edge of Eternities,fabled passage
642839,Soul-Guide Lantern,Commander: Edge of Eternities,soulguide lantern
642436,Annul,Promo Pack: Edge of Eternities,annul
648590,Bloodthirsty Conqueror,Promo Pack: Edge of Eternities,bloodthirsty conqueror
645531,Breeding Pool,Promo Pack: Edge of Eternities,breeding pool
645463,Cosmogrand Zenith,Promo Pack: Edge of Eternities,cosmogrand zenith
645472,Consult the Star Charts,Promo Pack: Edge of Eternities,consult the star charts
645512,"Dyadrine, Synthesis Amalgam",Promo Pack: Edge of Eternities,dyadrine synthesis amalgam
645534,Godless Shrine,Promo Pack: Edge of Eternities,godless shrine
645465,"Haliya, Guided by Light",Promo Pack: Edge of Eternities,haliya guided by light
645504,Icetill Explorer,Promo Pack: Edge of Eternities,icetill explorer
645535,"Kavaron, Memorial World",Promo Pack: Edge of Eternities,kavaron memorial world
645493,Nova Hellkite,Promo Pack: Edge of Eternities,nova hellkite
645506,Mightform Harmonizer,Promo Pack: Edge of Eternities,mightform harmonizer
645507,Ouroboroid,Promo Pack: Edge of Eternities,ouroboroid
645476,Quantum Riddler,Promo Pack: Edge of Eternities,quantum riddler
645536,Sacred Foundry,Promo Pack: Edge of Eternities,sacred foundry
642105,Starfield Shepherd,Promo Pack: Edge of Eternities,starfield shepherd
645538,Stomping Ground,Promo Pack: Edge of Eternities,stomping ground
645541,Watery Grave,Promo Pack: Edge of Eternities,watery grave
645540,"Uthros, Titanic Godcore",Promo Pack: Edge of Eternities,uthros titanic godcore
631316,Demolition Field,Commander: FINAL FANTASY,demolition field
630930,"Ardyn, the Usurper",FINAL FANTASY,ardyn the usurper
618854,"Cecil, Dark Knight",FINAL FANTASY,cecil dark knight
635072,Esper Origins,FINAL FANTASY,esper origins
630969,Fire Magic,FINAL FANTASY,fire magic
632741,"Lindblum, Industrial Regency",FINAL FANTASY,lindblum industrial regency
633737,Restoration Magic,FINAL FANTASY,restoration magic
618859,Sazh's Chocobo,FINAL FANTASY,sazhs chocobo
631607,Starting Town,FINAL FANTASY,starting town
634191,Swallowed by Leviathan,FINAL FANTASY,swallowed by leviathan
631606,Town Greeter,FINAL FANTASY,town greeter
624178,Abrade,Commander: Tarkir: Dragonstorm,abrade
624303,Bitter Triumph,Commander: Tarkir: Dragonstorm,bitter triumph
624456,Dreamroot Cascade,Commander: Tarkir: Dragonstorm,dreamroot cascade
624167,Opt,Commander: Tarkir: Dragonstorm,opt
624319,Shattered Sanctum,Commander: Tarkir: Dragonstorm,shattered sanctum
624138,Awaken the Honored Dead,Tarkir: Dragonstorm,awaken the honored dead
624539,Clarion Conqueror,Tarkir: Dragonstorm,clarion conqueror
624261,Cori Mountain Monastery,Tarkir: Dragonstorm,cori mountain monastery
625012,Dispelling Exhale,Tarkir: Dragonstorm,dispelling exhale
624139,Dracogenesis,Tarkir: Dragonstorm,dracogenesis
623882,"Elspeth, Storm Slayer",Tarkir: Dragonstorm,elspeth storm slayer
619636,Inevitable Defeat,Tarkir: Dragonstorm,inevitable defeat
625135,Jeskai Revelation,Tarkir: Dragonstorm,jeskai revelation
624266,Kishla Village,Tarkir: Dragonstorm,kishla village
623887,Marang River Regent,Tarkir: Dragonstorm,marang river regent
624267,Mistrise Village,Tarkir: Dragonstorm,mistrise village
624270,Opulent Palace,Tarkir: Dragonstorm,opulent palace
623890,Rakshasa's Bargain,Tarkir: Dragonstorm,rakshasas bargain
623889,Qarsi Revenant,Tarkir: Dragonstorm,qarsi revenant
624680,Sage of the Skies,Tarkir: Dragonstorm,sage of the skies
619639,Skirmish Rhino,Tarkir: Dragonstorm,skirmish rhino
624592,Snakeskin Veil,Tarkir: Dragonstorm,snakeskin veil
625197,Strategic Betrayal,Tarkir: Dragonstorm,strategic betrayal
624252,"Surrak, Elusive Hunter",Tarkir: Dragonstorm,surrak elusive hunter
623897,Voice of Victory,Tarkir: Dragonstorm,voice of victory
624067,Winternight Stories,Tarkir: Dragonstorm,winternight stories
625744,Awaken the Honored Dead,Promo Pack: Tarkir: Dragonstorm,awaken the honored dead
625770,Cori Mountain Monastery,Promo Pack: Tarkir: Dragonstorm,cori mountain monastery
625718,Clarion Conqueror,Promo Pack: Tarkir: Dragonstorm,clarion conqueror
625701,Dracogenesis,Promo Pack: Tarkir: Dragonstorm,dracogenesis
625697,"Elspeth, Storm Slayer",Promo Pack: Tarkir: Dragonstorm,elspeth storm slayer
625753,Inevitable Defeat,Promo Pack: Tarkir: Dragonstorm,inevitable defeat
625709,Jeskai Revelation,Promo Pack: Tarkir: Dragonstorm,jeskai revelation
625773,Kishla Village,Promo Pack: Tarkir: Dragonstorm,kishla village
625724,Marang River Regent,Promo Pack: Tarkir: Dragonstorm,marang river regent
625775,Mistrise Village,Promo Pack: Tarkir: Dragonstorm,mistrise village
625729,Qarsi Revenant,Promo Pack: Tarkir: Dragonstorm,qarsi revenant
625719,Sage of the Skies,Promo Pack: Tarkir: Dragonstorm,sage of the skies
623947,Strategic Betrayal,Promo Pack: Tarkir: Dragonstorm,strategic betrayal
625742,"Surrak, Elusive Hunter",Promo Pack: Tarkir: Dragonstorm,surrak elusive hunter
625721,Voice of Victory,Promo Pack: Tarkir: Dragonstorm,voice of victory
625727,Winternight Stories,Promo Pack: Tarkir: Dragonstorm,winternight stories
616077,Ancient Vendetta,Aetherdrift,ancient vendetta
614270,Bloodghast,Aetherdrift,bloodghast
614401,Bleachbone Verge,Aetherdrift,bleachbone verge
615614,Bounce Off,Aetherdrift,bounce off
596628,Brightglass Gearhulk,Aetherdrift,brightglass gearhulk
616114,Broadside Barrage,Aetherdrift,broadside barrage
615634,Burnout Bashtronaut,Aetherdrift,burnout bashtronaut
615239,Dredger's Insight,Aetherdrift,dredgers insight
615648,Lumbering Worldwagon,Aetherdrift,lumbering worldwagon
614498,Marauding Mako,Aetherdrift,marauding mako
614563,Momentum Breaker,Aetherdrift,momentum breaker
614344,Oildeep Gearhulk,Aetherdrift,oildeep gearhulk
614418,Riverpyre Verge,Aetherdrift,riverpyre verge
616098,Skycrash,Aetherdrift,skycrash
616070,Spell Pierce,Aetherdrift,spell pierce
615236,Stock Up,Aetherdrift,stock up
614431,Wastewood Verge,Aetherdrift,wastewood verge
614435,Willowrush Verge,Aetherdrift,willowrush verge
615199,Soul-Guide Lantern,Commander: Aetherdrift,soulguide lantern
616858,Bloodghast,Promo Pack: Aetherdrift,bloodghast
616914,Bleachbone Verge,Promo Pack: Aetherdrift,bleachbone verge
616887,Brightglass Gearhulk,Promo Pack: Aetherdrift,brightglass gearhulk
616868,Burnout Bashtronaut,Promo Pack: Aetherdrift,burnout bashtronaut
614499,Marauding Mako,Promo Pack: Aetherdrift,marauding mako
616880,Lumbering Worldwagon,Promo Pack: Aetherdrift,lumbering worldwagon
616900,Oildeep Gearhulk,Promo Pack: Aetherdrift,oildeep gearhulk
616916,Riverpyre Verge,Promo Pack: Aetherdrift,riverpyre verge
616918,Wastewood Verge,Promo Pack: Aetherdrift,wastewood verge
616919,Willowrush Verge,Promo Pack: Aetherdrift,willowrush verge
609618,Abrade,Innistrad Remastered,abrade
609809,Deathcap Glade,Innistrad Remastered,deathcap glade
609824,Dreamroot Cascade,Innistrad Remastered,dreamroot cascade
609649,Maelstrom Pulse,Innistrad Remastered,maelstrom pulse
610803,Shattered Sanctum,Innistrad Remastered,shattered sanctum
609885,Stormcarved Coast,Innistrad Remastered,stormcarved coast
609889,Sundown Pass,Innistrad Remastered,sundown pass
591656,Abrade,Foundations,abrade
589328,Bloodthirsty Conqueror,Foundations,bloodthirsty conqueror
590106,Burst Lightning,Foundations,burst lightning
591758,Bushwhack,Foundations,bushwhack
591689,Cancel,Foundations,cancel
557922,Day of Judgment,Foundations,day of judgment
589332,Deathmark,Foundations,deathmark
591093,Demolition Field,Foundations,demolition field
589335,Duress,Foundations,duress
591303,Essence Scatter,Foundations,essence scatter
591169,Extravagant Replication,Foundations,extravagant replication
589338,Flashfreeze,Foundations,flashfreeze
557921,Llanowar Elves,Foundations,llanowar elves
589351,Maelstrom Pulse,Foundations,maelstrom pulse
589354,Mossborn Hydra,Foundations,mossborn hydra
589356,Negate,Foundations,negate
557923,Omniscience,Foundations,omniscience
591683,Opt,Foundations,opt
589772,Scavenging Ooze,Foundations,scavenging ooze
591641,Secluded Courtyard,Foundations,secluded courtyard
589769,Slagstorm,Foundations,slagstorm
591849,Snakeskin Veil,Foundations,snakeskin veil
589366,Soul-Guide Lantern,Foundations,soulguide lantern
591327,Soulstone Sanctuary,Foundations,soulstone sanctuary
591779,Thousand-Year Storm,Foundations,thousandyear storm
590169,Bushwhack,Foundations Jumpstart,bushwhack
590519,Llanowar Elves,Foundations Jumpstart,llanowar elves
590507,Opt,Foundations Jumpstart,opt
590510,Shock,Foundations Jumpstart,shock
590780,Snakeskin Veil,Foundations Jumpstart,snakeskin veil
576512,Blazemire Verge,Duskmourn: House of Horror,blazemire verge
578347,Broodspinner,Duskmourn: House of Horror,broodspinner
562745,Doomsday Excruciator,Duskmourn: House of Horror,doomsday excruciator
575047,Enduring Innocence,Duskmourn: House of Horror,enduring innocence
575157,Enduring Curiosity,Duskmourn: House of Horror,enduring curiosity
562746,Enduring Tenacity,Duskmourn: House of Horror,enduring tenacity
576514,Floodfarm Verge,Duskmourn: House of Horror,floodfarm verge
576874,Floodpits Drowner,Duskmourn: House of Horror,floodpits drowner
575273,Ghost Vacuum,Duskmourn: House of Horror,ghost vacuum
578879,Get Out,Duskmourn: House of Horror,get out
576518,Gloomlake Verge,Duskmourn: House of Horror,gloomlake verge
576520,Hushwood Verge,Duskmourn: House of Horror,hushwood verge
575076,"Kaito, Bane of Nightmares",Duskmourn: House of Horror,kaito bane of nightmares
557277,Nowhere to Run,Duskmourn: House of Horror,nowhere to run
578886,Overlord of the Balemurk,Duskmourn: House of Horror,overlord of the balemurk
575291,Pyroclasm,Duskmourn: House of Horror,pyroclasm
578877,Sheltered by Ghosts,Duskmourn: House of Horror,sheltered by ghosts
575054,Split Up,Duskmourn: House of Horror,split up
578957,Extravagant Replication,Commander: Duskmourn: House of Horror,extravagant replication
579111,Scavenging Ooze,Commander: Duskmourn: House of Horror,scavenging ooze
580764,Blazemire Verge,Promo Pack: Duskmourn: House of Horror,blazemire verge
580731,Enduring Innocence,Promo Pack: Duskmourn: House of Horror,enduring innocence
580744,Enduring Tenacity,Promo Pack: Duskmourn: House of Horror,enduring tenacity
580743,Doomsday Excruciator,Promo Pack: Duskmourn: House of Horror,doomsday excruciator
580737,Enduring Curiosity,Promo Pack: Duskmourn: House of Horror,enduring curiosity
580765,Floodfarm Verge,Promo Pack: Duskmourn: House of Horror,floodfarm verge
580762,Ghost Vacuum,Promo Pack: Duskmourn: House of Horror,ghost vacuum
580766,Gloomlake Verge,Promo Pack: Duskmourn: House of Horror,gloomlake verge
580729,"Kaito, Bane of Nightmares",Promo Pack: Duskmourn: House of Horror,kaito bane of nightmares
580767,Hushwood Verge,Promo Pack: Duskmourn: House of Horror,hushwood verge
580721,Overlord of the Balemurk,Promo Pack: Duskmourn: House of Horror,overlord of the balemurk
575881,Pyroclasm,Promo Pack: Duskmourn: House of Horror,pyroclasm
580734,Split Up,Promo Pack: Duskmourn: House of Horror,split up
558421,"Beza, the Bounding Spring",Bloomburrow,beza the bounding spring
559037,Dawn's Truce,Bloomburrow,dawns truce
559642,Eddymurk Crab,Bloomburrow,eddymurk crab
559076,Emberheart Challenger,Bloomburrow,emberheart challenger
559476,Fabled Passage,Bloomburrow,fabled passage
559509,Feed the Cycle,Bloomburrow,feed the cycle
559082,Hired Claw,Bloomburrow,hired claw
559137,Into the Flood Maw,Bloomburrow,into the flood maw
559484,Keen-Eyed Curator,Bloomburrow,keeneyed curator
559486,Pawpatch Recruit,Bloomburrow,pawpatch recruit
558350,"Ral, Crackling Wit",Bloomburrow,ral crackling wit
558612,Rockface Village,Bloomburrow,rockface village
558352,Season of Weaving,Bloomburrow,season of weaving
559653,Starscape Cleric,Bloomburrow,starscape cleric
558711,Sunspine Lynx,Bloomburrow,sunspine lynx
559757,Stormchaser's Talent,Bloomburrow,stormchasers talent
559909,Abrade,Commander: Bloomburrow,abrade
560043,Maelstrom Pulse,Commander: Bloomburrow,maelstrom pulse
560930,"Beza, the Bounding Spring",Promo Pack: Bloomburrow,beza the bounding spring
560932,Dawn's Truce,Promo Pack: Bloomburrow,dawns truce
560967,Emberheart Challenger,Promo Pack: Bloomburrow,emberheart challenger
561009,Fabled Passage,Promo Pack: Bloomburrow,fabled passage
560970,Hired Claw,Promo Pack: Bloomburrow,hired claw
560981,Keen-Eyed Curator,Promo Pack: Bloomburrow,keeneyed curator
560984,Pawpatch Recruit,Promo Pack: Bloomburrow,pawpatch recruit
561005,"Ral, Crackling Wit",Promo Pack: Bloomburrow,ral crackling wit
560948,Season of Weaving,Promo Pack: Bloomburrow,season of weaving
560949,Stormchaser's Talent,Promo Pack: Bloomburrow,stormchasers talent
560975,Sunspine Lynx,Promo Pack: Bloomburrow,sunspine lynx
555448,Rest in Peace,Universes Beyond: Assassin's Creed,rest in peace
552954,Demolition Field,Commander: Modern Horizons 3,demolition field
553215,Dreamroot Cascade,Commander: Modern Horizons 3,dreamroot cascade
553498,Maelstrom Pulse,Commander: Modern Horizons 3,maelstrom pulse
553115,Secluded Courtyard,Commander: Modern Horizons 3,secluded courtyard
545386,Demolition Field,Commander: Outlaws of Thunder Junction,demolition field
545254,Opulent Palace,Commander: Outlaws of Thunder Junction,opulent palace
545308,Opt,Commander: Outlaws of Thunder Junction,opt
544403,Aven Interrupter,Outlaws of Thunder Junction,aven interrupter
544282,Blooming Marsh,Outlaws of Thunder Junction,blooming marsh
544279,Concealed Courtyard,Outlaws of Thunder Junction,concealed courtyard
544725,Dust Animus,Outlaws of Thunder Junction,dust animus
544280,Inspiring Vantage,Outlaws of Thunder Junction,inspiring vantage
544336,High Noon,Outlaws of Thunder Junction,high noon
544696,Nurturing Pixie,Outlaws of Thunder Junction,nurturing pixie
544454,Requisition Raid,Outlaws of Thunder Junction,requisition raid
544709,Return the Favor,Outlaws of Thunder Junction,return the favor
544398,Shoot the Sheriff,Outlaws of Thunder Junction,shoot the sheriff
544704,Snakeskin Veil,Outlaws of Thunder Junction,snakeskin veil
544208,Slickshot Show-Off,Outlaws of Thunder Junction,slickshot showoff
544277,Spirebluff Canal,Outlaws of Thunder Junction,spirebluff canal
544511,Stingerback Terror,Outlaws of Thunder Junction,stingerback terror
544402,Terror of the Peaks,Outlaws of Thunder Junction,terror of the peaks
544417,Three Steps Ahead,Outlaws of Thunder Junction,three steps ahead
545985,Aven Interrupter,Promo Pack: Outlaws of Thunder Junction,aven interrupter
546039,Blooming Marsh,Promo Pack: Outlaws of Thunder Junction,blooming marsh
546041,Concealed Courtyard,Promo Pack: Outlaws of Thunder Junction,concealed courtyard
545987,Dust Animus,Promo Pack: Outlaws of Thunder Junction,dust animus
545989,High Noon,Promo Pack: Outlaws of Thunder Junction,high noon
546042,Inspiring Vantage,Promo Pack: Outlaws of Thunder Junction,inspiring vantage
546010,Slickshot Show-Off,Promo Pack: Outlaws of Thunder Junction,slickshot showoff
546011,Stingerback Terror,Promo Pack: Outlaws of Thunder Junction,stingerback terror
546043,Spirebluff Canal,Promo Pack: Outlaws of Thunder Junction,spirebluff canal
545997,Three Steps Ahead,Promo Pack: Outlaws of Thunder Junction,three steps ahead
545970,Terror of the Peaks,Promo Pack: Outlaws of Thunder Junction,terror of the peaks
545128,Ancient Cornucopia,Outlaws of Thunder Junction: The Big Score,ancient cornucopia
544938,Pest Control,Outlaws of Thunder Junction: The Big Score,pest control
544941,Rest in Peace,Outlaws of Thunder Junction: The Big Score,rest in peace
544302,Torpor Orb,Outlaws of Thunder Junction: The Big Score,torpor orb
544300,Vaultborn Tyrant,Outlaws of Thunder Junction: The Big Score,vaultborn tyrant
540842,Opulent Palace,Universes Beyond: Fallout,opulent palace
534141,Deadly Cover-Up,Murders at Karlov Manor,deadly coverup
533379,Escape Tunnel,Murders at Karlov Manor,escape tunnel
535985,Ill-Timed Explosion,Murders at Karlov Manor,illtimed explosion
530010,Lightning Helix,Murders at Karlov Manor,lightning helix
534063,Lost in the Maze,Murders at Karlov Manor,lost in the maze
532907,Meticulous Archive,Murders at Karlov Manor,meticulous archive
532893,No More Lies,Murders at Karlov Manor,no more lies
535247,Outrageous Robbery,Murders at Karlov Manor,outrageous robbery
533900,Pick Your Poison,Murders at Karlov Manor,pick your poison
529993,Shock,Murders at Karlov Manor,shock
532905,Undercity Sewers,Murders at Karlov Manor,undercity sewers
532910,Underground Mortuary,Murders at Karlov Manor,underground mortuary
536695,Deadly Cover-Up,Promo Pack: Murders at Karlov Manor,deadly coverup
536626,Ill-Timed Explosion,Promo Pack: Murders at Karlov Manor,illtimed explosion
536615,Lightning Helix,Promo Pack: Murders at Karlov Manor,lightning helix
536692,Lost in the Maze,Promo Pack: Murders at Karlov Manor,lost in the maze
536666,Meticulous Archive,Promo Pack: Murders at Karlov Manor,meticulous archive
536617,No More Lies,Promo Pack: Murders at Karlov Manor,no more lies
536664,Outrageous Robbery,Promo Pack: Murders at Karlov Manor,outrageous robbery
536665,Undercity Sewers,Promo Pack: Murders at Karlov Manor,undercity sewers
536671,Underground Mortuary,Promo Pack: Murders at Karlov Manor,underground mortuary
517636,Blood Crypt,Ravnica Remastered,blood crypt
517662,Breeding Pool,Ravnica Remastered,breeding pool
517658,Godless Shrine,Ravnica Remastered,godless shrine
517656,Hallowed Fountain,Ravnica Remastered,hallowed fountain
530849,Lightning Helix,Ravnica Remastered,lightning helix
517650,Overgrown Tomb,Ravnica Remastered,overgrown tomb
517644,Sacred Foundry,Ravnica Remastered,sacred foundry
517660,Steam Vents,Ravnica Remastered,steam vents
517648,Stomping Ground,Ravnica Remastered,stomping ground
517642,Temple Garden,Ravnica Remastered,temple garden
517664,Watery Grave,Ravnica Remastered,watery grave
526897,Cavern of Souls,Promo Pack: The Lost Caverns of Ixalan,cavern of souls
526902,Bringer of the Last Gift,Promo Pack: The Lost Caverns of Ixalan,bringer of the last gift
526886,Get Lost,Promo Pack: The Lost Caverns of Ixalan,get lost
526832,Preacher of the Schism,Promo Pack: The Lost Caverns of Ixalan,preacher of the schism
526904,Restless Reef,Promo Pack: The Lost Caverns of Ixalan,restless reef
526899,Roaming Throne,Promo Pack: The Lost Caverns of Ixalan,roaming throne
524349,Spyglass Siren,Promo Pack: The Lost Caverns of Ixalan,spyglass siren
526868,Subterranean Schooner,Promo Pack: The Lost Caverns of Ixalan,subterranean schooner
526853,Tishana's Tidebinder,Promo Pack: The Lost Caverns of Ixalan,tishanas tidebinder
526138,Abrade,The Lost Caverns of Ixalan,abrade
524352,"Aclazotz, Deepest Betrayal",The Lost Caverns of Ixalan,aclazotz deepest betrayal
526195,Bitter Triumph,The Lost Caverns of Ixalan,bitter triumph
524318,Bringer of the Last Gift,The Lost Caverns of Ixalan,bringer of the last gift
524576,Get Lost,The Lost Caverns of Ixalan,get lost
525127,Pit of Offerings,The Lost Caverns of Ixalan,pit of offerings
524354,Preacher of the Schism,The Lost Caverns of Ixalan,preacher of the schism
526395,Promising Vein,The Lost Caverns of Ixalan,promising vein
525367,Restless Reef,The Lost Caverns of Ixalan,restless reef
525238,Roaming Throne,The Lost Caverns of Ixalan,roaming throne
524172,Spyglass Siren,The Lost Caverns of Ixalan,spyglass siren
525219,Subterranean Schooner,The Lost Caverns of Ixalan,subterranean schooner
525207,Tishana's Tidebinder,The Lost Caverns of Ixalan,tishanas tidebinder
524345,Forest,Universes Beyond: Jurassic World Collection,forest
526432,Island,Universes Beyond: Jurassic World Collection,island
524344,Plains,Universes Beyond: Jurassic World Collection,plains
525383,Mountain,Universes Beyond: Jurassic World Collection,mountain
526433,Swamp,Universes Beyond: Jurassic World Collection,swamp
525841,Bloodghast,Commander: The Lost Caverns of Ixalan,bloodghast
525821,Secluded Courtyard,Commander: The Lost Caverns of Ixalan,secluded courtyard
519510,Dreamroot Cascade,Universes Beyond: Doctor Who,dreamroot cascade
519301,Stormcarved Coast,Universes Beyond: Doctor Who,stormcarved coast
519234,Sundown Pass,Universes Beyond: Doctor Who,sundown pass
513701,Opt,Commander: Wilds of Eldraine,opt
514348,Gumdrop Poisoner,Promo Pack: Wilds of Eldraine,gumdrop poisoner
514336,Restless Cottage,Promo Pack: Wilds of Eldraine,restless cottage
514295,Restless Vinestalk,Promo Pack: Wilds of Eldraine,restless vinestalk
514258,Sleight of Hand,Promo Pack: Wilds of Eldraine,sleight of hand
514324,The Huntsman's Redemption,Promo Pack: Wilds of Eldraine,the huntsmans redemption
514321,Virtue of Persistence,Promo Pack: Wilds of Eldraine,virtue of persistence
514302,Werefox Bodyguard,Promo Pack: Wilds of Eldraine,werefox bodyguard
513357,Disdainful Stroke,Wilds of Eldraine,disdainful stroke
513877,Gumdrop Poisoner,Wilds of Eldraine,gumdrop poisoner
513331,Hearth Elemental,Wilds of Eldraine,hearth elemental
512205,Restless Cottage,Wilds of Eldraine,restless cottage
513373,Restless Vinestalk,Wilds of Eldraine,restless vinestalk
509484,Sleight of Hand,Wilds of Eldraine,sleight of hand
512722,Soul-Guide Lantern,Wilds of Eldraine,soulguide lantern
512401,The Huntsman's Redemption,Wilds of Eldraine,the huntsmans redemption
512610,Virtue of Persistence,Wilds of Eldraine,virtue of persistence
512676,Werefox Bodyguard,Wilds of Eldraine,werefox bodyguard
512690,Omniscience,Wilds of Eldraine: Enchanting Tales,omniscience
512673,Rest in Peace,Wilds of Eldraine: Enchanting Tales,rest in peace
507480,Abrade,Commander Masters,abrade
507279,Heartless Act,Commander Masters,heartless act
505341,Opulent Palace,Commander Masters,opulent palace
505314,Secluded Courtyard,Commander Masters,secluded courtyard
507140,Snakeskin Veil,Commander Masters,snakeskin veil
499731,Opt,Commander: The Lord of the Rings: Tales of Middle-earth,opt
499773,Secluded Courtyard,Commander: The Lord of the Rings: Tales of Middle-earth,secluded courtyard
491481,Island,Commander: March of the Machine,island
491480,Plains,Commander: March of the Machine,plains
490384,Negate,March of the Machine,negate
688476,Emberheart Challenger,Secret Lair Showdown,emberheart challenger
648267,Shoot the Sheriff,Secret Lair Showdown,shoot the sheriff
537911,Springleaf Drum,Secret Lair Showdown,springleaf drum
528387,Spell Pierce,Secret Lair Showdown,spell pierce
478590,Scavenging Ooze,Commander: Phyrexia: All Will Be One,scavenging ooze
478453,Soul-Guide Lantern,Commander: Phyrexia: All Will Be One,soulguide lantern
479362,Duress,Phyrexia: All Will Be One,duress
457863,Duress,Dominaria Remastered,duress
455596,Opt,Jumpstart 2022,opt
456988,Abrade,Starter Commander Decks,abrade
456721,Negate,Starter Commander Decks,negate
456768,Scavenging Ooze,Starter Commander Decks,scavenging ooze
662034,Llanowar Elves,Secret Lair Countdown Kit,llanowar elves
451192,Lightning Helix,Secret Lair Countdown Kit,lightning helix
449093,Llanowar Elves,30th Anniversary Edition,llanowar elves
453146,Bushwhack,The Brothers' War,bushwhack
452255,Demolition Field,The Brothers' War,demolition field
452430,Soul-Guide Lantern,The Brothers' War: Retro Frame Artifacts,soulguide lantern
452431,Springleaf Drum,The Brothers' War: Retro Frame Artifacts,springleaf drum
448523,Abrade,Magic Game Night: Free-For-All,abrade
448547,Llanowar Elves,Magic Game Night: Free-For-All,llanowar elves
283063,Opulent Palace,Commander: Dominaria United,opulent palace
283616,Essence Scatter,Dominaria United,essence scatter
283488,Negate,Dominaria United,negate
284543,Deathcap Glade,Promo Pack: Dominaria United,deathcap glade
284545,Dreamroot Cascade,Promo Pack: Dominaria United,dreamroot cascade
284547,Shattered Sanctum,Promo Pack: Dominaria United,shattered sanctum
284548,Stormcarved Coast,Promo Pack: Dominaria United,stormcarved coast
284549,Sundown Pass,Promo Pack: Dominaria United,sundown pass
284942,Llanowar Elves,30th Anniversary Promos,llanowar elves
276316,Cavern of Souls,Double Masters 2022,cavern of souls
277207,Lightning Helix,Double Masters 2022,lightning helix
277154,Spell Pierce,Double Masters 2022,spell pierce
276512,Thousand-Year Storm,Double Masters 2022,thousandyear storm
269242,Extravagant Replication,Commander: Streets of New Capenna,extravagant replication
269444,Scavenging Ooze,Commander: Streets of New Capenna,scavenging ooze
268769,Disdainful Stroke,Streets of New Capenna,disdainful stroke
270607,Extravagant Replication,Promo Pack: Streets of New Capenna,extravagant replication
262259,Secluded Courtyard,Kamigawa: Neon Dynasty,secluded courtyard
262466,Spell Pierce,Kamigawa: Neon Dynasty,spell pierce
262500,Secluded Courtyard,Promo Pack: Kamigawa: Neon Dynasty,secluded courtyard
255865,Abrade,Innistrad: Double Feature,abrade
255389,Deathcap Glade,Innistrad: Double Feature,deathcap glade
255601,Dreamroot Cascade,Innistrad: Double Feature,dreamroot cascade
255539,Duress,Innistrad: Double Feature,duress
255381,Shattered Sanctum,Innistrad: Double Feature,shattered sanctum
255427,Stormcarved Coast,Innistrad: Double Feature,stormcarved coast
255566,Sundown Pass,Innistrad: Double Feature,sundown pass
253063,Abrade,Innistrad: Crimson Vow,abrade
252856,Deathcap Glade,Innistrad: Crimson Vow,deathcap glade
252855,Dreamroot Cascade,Innistrad: Crimson Vow,dreamroot cascade
252854,Shattered Sanctum,Innistrad: Crimson Vow,shattered sanctum
252853,Stormcarved Coast,Innistrad: Crimson Vow,stormcarved coast
252857,Sundown Pass,Innistrad: Crimson Vow,sundown pass
248314,Duress,Innistrad: Midnight Hunt,duress
235191,Day of Judgment,Strixhaven: Mystical Archive,day of judgment
235139,Duress,Strixhaven: Mystical Archive,duress
235493,Lightning Helix,Strixhaven: Mystical Archive,lightning helix
235301,Negate,Strixhaven: Mystical Archive,negate
233373,Opt,Strixhaven: Mystical Archive,opt
235168,Shock,Strixhaven: Mystical Archive,shock
235186,Snakeskin Veil,Strixhaven: Mystical Archive,snakeskin veil
233903,Disdainful Stroke,Time Spiral: Remastered,disdainful stroke
230186,Annul,Kaldheim,annul
230900,Disdainful Stroke,Kaldheim,disdainful stroke
230468,Forest,Kaldheim,forest
230465,Island,Kaldheim,island
230467,Mountain,Kaldheim,mountain
230464,Plains,Kaldheim,plains
230183,Snakeskin Veil,Kaldheim,snakeskin veil
230466,Swamp,Kaldheim,swamp
232099,Thousand-Year Storm,Promo Pack: Kaldheim,thousandyear storm
227309,Abrade,Commander Legends,abrade
222825,Forest,Zendikar Rising,forest
222819,Island,Zendikar Rising,island
222821,Mountain,Zendikar Rising,mountain
222130,Negate,Zendikar Rising,negate
222818,Plains,Zendikar Rising,plains
222820,Swamp,Zendikar Rising,swamp
222006,Cavern of Souls,Zendikar Rising Expeditions,cavern of souls
219498,Abrade,Double Masters,abrade
219026,Maelstrom Pulse,Double Masters,maelstrom pulse
219595,Springleaf Drum,Double Masters,springleaf drum
215867,Cancel,Core Set 2021,cancel
215662,Duress,Core Set 2021,duress
215556,Fabled Passage,Core Set 2021,fabled passage
215840,Opt,Core Set 2021,opt
215695,Scavenging Ooze,Core Set 2021,scavenging ooze
215884,Shock,Core Set 2021,shock
215719,Swamp,Core Set 2021,swamp
215673,Terror of the Peaks,Core Set 2021,terror of the peaks
217293,Fabled Passage,Promo Pack: Core Set 2021,fabled passage
217283,Scavenging Ooze,Promo Pack: Core Set 2021,scavenging ooze
217271,Terror of the Peaks,Promo Pack: Core Set 2021,terror of the peaks
212042,Essence Scatter,Ikoria: Lair of Behemoths,essence scatter
212774,Forest,Ikoria: Lair of Behemoths,forest
212369,Heartless Act,Ikoria: Lair of Behemoths,heartless act
212770,Mountain,Ikoria: Lair of Behemoths,mountain
212754,Plains,Ikoria: Lair of Behemoths,plains
212764,Swamp,Ikoria: Lair of Behemoths,swamp
212603,Heartless Act,Promo Pack: Ikoria,heartless act
212443,Opulent Palace,Commander 2020,opulent palace
208389,Forest,Unsanctioned,forest
208453,Island,Unsanctioned,island
208391,Mountain,Unsanctioned,mountain
208392,Plains,Unsanctioned,plains
208454,Swamp,Unsanctioned,swamp
206026,Forest,Theros Beyond Death,forest
206023,Island,Theros Beyond Death,island
206025,Mountain,Theros Beyond Death,mountain
206022,Plains,Theros Beyond Death,plains
206867,Soul-Guide Lantern,Theros Beyond Death,soulguide lantern
206024,Swamp,Theros Beyond Death,swamp
202653,Pick Your Poison,Mystery Booster: Convention Edition Exclusives,pick your poison
199428,Fabled Passage,Throne of Eldraine,fabled passage
198903,Opt,Throne of Eldraine,opt
199514,Plains,Throne of Eldraine,plains
200233,Blood Crypt,Promo Pack: Throne of Eldraine,blood crypt
200234,Breeding Pool,Promo Pack: Throne of Eldraine,breeding pool
200385,Fabled Passage,Promo Pack: Throne of Eldraine,fabled passage
200235,Godless Shrine,Promo Pack: Throne of Eldraine,godless shrine
200236,Hallowed Fountain,Promo Pack: Throne of Eldraine,hallowed fountain
200211,Overgrown Tomb,Promo Pack: Throne of Eldraine,overgrown tomb
200212,Sacred Foundry,Promo Pack: Throne of Eldraine,sacred foundry
200213,Steam Vents,Promo Pack: Throne of Eldraine,steam vents
200238,Stomping Ground,Promo Pack: Throne of Eldraine,stomping ground
200214,Temple Garden,Promo Pack: Throne of Eldraine,temple garden
200215,Watery Grave,Promo Pack: Throne of Eldraine,watery grave
196511,Opulent Palace,Commander 2019,opulent palace
192877,Duress,Core Set 2020,duress
192847,Forest,Core Set 2020,forest
192832,Island,Core Set 2020,island
192842,Mountain,Core Set 2020,mountain
192505,Negate,Core Set 2020,negate
192827,Plains,Core Set 2020,plains
192914,Shock,Core Set 2020,shock
192838,Swamp,Core Set 2020,swamp
193280,Forest,Promo Pack: Core Set 2020,forest
193281,Island,Promo Pack: Core Set 2020,island
193279,Mountain,Promo Pack: Core Set 2020,mountain
193283,Plains,Promo Pack: Core Set 2020,plains
193780,Negate,Promo Pack: Core Set 2020,negate
193282,Swamp,Promo Pack: Core Set 2020,swamp
188994,Rest in Peace,Signature Spellbook: Gideon,rest in peace
182838,Blood Crypt,Ravnica Allegiance,blood crypt
182842,Breeding Pool,Ravnica Allegiance,breeding pool
183584,Forest,Ravnica Allegiance,forest
182836,Godless Shrine,Ravnica Allegiance,godless shrine
182831,Hallowed Fountain,Ravnica Allegiance,hallowed fountain
183581,Island,Ravnica Allegiance,island
183583,Mountain,Ravnica Allegiance,mountain
183580,Plains,Ravnica Allegiance,plains
182841,Stomping Ground,Ravnica Allegiance,stomping ground
183582,Swamp,Ravnica Allegiance,swamp
179480,Cavern of Souls,Ultimate Masters,cavern of souls
179506,Maelstrom Pulse,Ultimate Masters,maelstrom pulse
180902,Sleight of Hand,Ultimate Masters,sleight of hand
179479,Cavern of Souls,Ultimate Masters: Box Toppers,cavern of souls
179505,Maelstrom Pulse,Ultimate Masters: Box Toppers,maelstrom pulse
180408,Llanowar Elves,Magic Game Night,llanowar elves
177404,Lightning Helix,Guilds of Ravnica: Guild Kits,lightning helix
176441,Disdainful Stroke,Guilds of Ravnica,disdainful stroke
176619,Forest,Guilds of Ravnica,forest
176616,Island,Guilds of Ravnica,island
176618,Mountain,Guilds of Ravnica,mountain
175196,Overgrown Tomb,Guilds of Ravnica,overgrown tomb
176615,Plains,Guilds of Ravnica,plains
175200,Sacred Foundry,Guilds of Ravnica,sacred foundry
175202,Steam Vents,Guilds of Ravnica,steam vents
176617,Swamp,Guilds of Ravnica,swamp
175203,Temple Garden,Guilds of Ravnica,temple garden
176779,Thousand-Year Storm,Guilds of Ravnica,thousandyear storm
175205,Watery Grave,Guilds of Ravnica,watery grave
166701,Cancel,Core Set 2019,cancel
169306,Duress,Core Set 2019,duress
169299,Essence Scatter,Core Set 2019,essence scatter
168646,Llanowar Elves,Core Set 2019,llanowar elves
169083,Omniscience,Core Set 2019,omniscience
168475,Shock,Core Set 2019,shock
168308,Island,Global Series Jiang Yanggu & Mu Yanling,island
168334,Forest,Global Series Jiang Yanggu & Mu Yanling,forest
168333,Mountain,Global Series Jiang Yanggu & Mu Yanling,mountain
168345,Plains,Global Series Jiang Yanggu & Mu Yanling,plains
162753,Negate,Signature Spellbook: Jace,negate
167977,Forest,Battlebond,forest
167974,Island,Battlebond,island
167976,Mountain,Battlebond,mountain
167870,Negate,Battlebond,negate
167973,Plains,Battlebond,plains
167919,Shock,Battlebond,shock
167820,Spell Snare,Battlebond,spell snare
167975,Swamp,Battlebond,swamp
166782,Disdainful Stroke,Commander Anthology Volume II,disdainful stroke
166896,Opulent Palace,Commander Anthology Volume II,opulent palace
166934,Scavenging Ooze,Commander Anthology Volume II,scavenging ooze
162231,Llanowar Elves,Dominaria,llanowar elves
162901,Opt,Dominaria,opt
161784,Pyroclasm,Masters 25,pyroclasm
161538,Rest in Peace,Masters 25,rest in peace
155768,Forest,Rivals of Ixalan,forest
155765,Island,Rivals of Ixalan,island
155767,Mountain,Rivals of Ixalan,mountain
155801,Negate,Rivals of Ixalan,negate
155763,Plains,Rivals of Ixalan,plains
155766,Swamp,Rivals of Ixalan,swamp
151828,Forest,Unstable,forest
151825,Island,Unstable,island
151827,Mountain,Unstable,mountain
151824,Plains,Unstable,plains
151826,Swamp,Unstable,swamp
149289,Day of Judgment,Explorers of Ixalan,day of judgment
152501,Lightning Helix,Explorers of Ixalan,lightning helix
145411,Bloodghast,Iconic Masters,bloodghast
145424,Duress,Iconic Masters,duress
145597,Lightning Helix,Iconic Masters,lightning helix
149171,Essence Scatter,Duel Decks: Merfolk vs. Goblins,essence scatter
145741,Cancel,Ixalan,cancel
145251,Duress,Ixalan,duress
145253,Opt,Ixalan,opt
145258,Spell Pierce,Ixalan,spell pierce
140118,Opulent Palace,Commander 2017,opulent palace
134856,Abrade,Hour of Devastation,abrade
132083,Llanowar Elves,Commander Anthology,llanowar elves
130201,Cancel,Amonkhet,cancel
129746,Essence Scatter,Amonkhet,essence scatter
129547,Maelstrom Pulse,Masterpiece Series: Amonkhet Invocations,maelstrom pulse
134910,Omniscience,Masterpiece Series: Amonkhet Invocations,omniscience
129565,Spell Pierce,Masterpiece Series: Amonkhet Invocations,spell pierce
128633,Cavern of Souls,Modern Masters 2017,cavern of souls
128918,Pyroclasm,Modern Masters 2017,pyroclasm
128655,Scavenging Ooze,Modern Masters 2017,scavenging ooze
128955,Spell Pierce,Modern Masters 2017,spell pierce
126511,Negate,Aether Revolt,negate
126437,Shock,Aether Revolt,shock
125400,Cancel,Planechase Anthology,cancel
124450,Disdainful Stroke,Commander 2016,disdainful stroke
124588,Opulent Palace,Commander 2016,opulent palace
124618,Scavenging Ooze,Commander 2016,scavenging ooze
122642,Blooming Marsh,Kaladesh,blooming marsh
122646,Concealed Courtyard,Kaladesh,concealed courtyard
122658,Inspiring Vantage,Kaladesh,inspiring vantage
122672,Spirebluff Canal,Kaladesh,spirebluff canal
121874,Negate,Conspiracy: Take the Crown,negate
118761,Duress,Eternal Masters,duress
118678,Llanowar Elves,Eternal Masters,llanowar elves
111057,Negate,Oath of the Gatewatch,negate
105549,Blood Crypt,Zendikar Expeditions,blood crypt
105551,Breeding Pool,Zendikar Expeditions,breeding pool
104741,Godless Shrine,Zendikar Expeditions,godless shrine
104372,Hallowed Fountain,Zendikar Expeditions,hallowed fountain
105553,Overgrown Tomb,Zendikar Expeditions,overgrown tomb
104816,Sacred Foundry,Zendikar Expeditions,sacred foundry
105556,Stomping Ground,Zendikar Expeditions,stomping ground
104307,Steam Vents,Zendikar Expeditions,steam vents
105557,Watery Grave,Zendikar Expeditions,watery grave
104961,Temple Garden,Zendikar Expeditions,temple garden
100332,Negate,Magic Origins,negate
98810,Burst Lightning,Modern Masters 2015,burst lightning
98786,Deathmark,Modern Masters 2015,deathmark
98760,Flashfreeze,Modern Masters 2015,flashfreeze
96554,Duress,Dragons of Tarkir,duress
96647,Negate,Dragons of Tarkir,negate
93578,Duress,Duel Decks: Anthology,duress
93649,Llanowar Elves,Duel Decks: Anthology,llanowar elves
94370,Llanowar Elves,Commander 2014,llanowar elves
93206,Cancel,Khans of Tarkir,cancel
93157,Disdainful Stroke,Khans of Tarkir,disdainful stroke
92983,Opulent Palace,Khans of Tarkir,opulent palace
92909,Lightning Helix,Duel Decks: Speed vs. Cunning,lightning helix
92877,Shock,Duel Decks: Speed vs. Cunning,shock
90893,Cancel,Magic 2015 (M15),cancel
90910,Negate,Magic 2015 (M15),negate
82754,Duress,Magic Modern Event Deck,duress
82735,Plains,Magic Modern Event Deck,plains
82736,Swamp,Magic Modern Event Deck,swamp
78658,Springleaf Drum,Born of the Gods,springleaf drum
71315,Annul,Theros,annul
71079,Pyroclasm,Duel Decks: Heroes vs. Monsters,pyroclasm
69125,Cancel,Magic 2014 (M14),cancel
69976,Duress,Magic 2014 (M14),duress
69148,Essence Scatter,Magic 2014 (M14),essence scatter
69962,Negate,Magic 2014 (M14),negate
69188,Scavenging Ooze,Magic 2014 (M14),scavenging ooze
69198,Shock,Magic 2014 (M14),shock
68427,Lightning Helix,Modern Masters,lightning helix
68274,Maelstrom Pulse,Modern Masters,maelstrom pulse
68334,Spell Snare,Modern Masters,spell snare
67856,Pyroclasm,Duel Decks: Sorin vs. Tibalt,pyroclasm
67319,Breeding Pool,Gatecrash,breeding pool
67320,Godless Shrine,Gatecrash,godless shrine
67321,Sacred Foundry,Gatecrash,sacred foundry
67322,Stomping Ground,Gatecrash,stomping ground
67323,Watery Grave,Gatecrash,watery grave
66533,Cancel,Return to Ravnica,cancel
66412,Blood Crypt,Return to Ravnica,blood crypt
66415,Hallowed Fountain,Return to Ravnica,hallowed fountain
66417,Overgrown Tomb,Return to Ravnica,overgrown tomb
66601,Rest in Peace,Return to Ravnica,rest in peace
66420,Steam Vents,Return to Ravnica,steam vents
66421,Temple Garden,Return to Ravnica,temple garden
59964,Duress,Magic 2013 (M13),duress
59935,Essence Scatter,Magic 2013 (M13),essence scatter
59945,Negate,Magic 2013 (M13),negate
59835,Omniscience,Magic 2013 (M13),omniscience
59546,Cancel,Planechase 2012,cancel
58842,Cavern of Souls,Avacyn Restored,cavern of souls
57382,Duress,Premium Deck Series: Graveborn,duress
52103,Lightning Helix,Duel Decks: Ajani vs. Nicol Bolas,lightning helix
47212,Cancel,Magic 2012 (M12),cancel
47698,Deathmark,Magic 2012 (M12),deathmark
47201,Day of Judgment,Magic 2012 (M12),day of judgment
47689,Flashfreeze,Magic 2012 (M12),flashfreeze
47259,Llanowar Elves,Magic 2012 (M12),llanowar elves
47218,Negate,Magic 2012 (M12),negate
47249,Shock,Magic 2012 (M12),shock
47528,Scavenging Ooze,Commander,scavenging ooze
39593,Torpor Orb,New Phyrexia,torpor orb
39101,Slagstorm,Mirrodin Besieged,slagstorm
35610,Cancel,Magic 2011 (M11),cancel
35595,Deathmark,Magic 2011 (M11),deathmark
35586,Day of Judgment,Magic 2011 (M11),day of judgment
35597,Duress,Magic 2011 (M11),duress
35612,Flashfreeze,Magic 2011 (M11),flashfreeze
35436,Llanowar Elves,Magic 2011 (M11),llanowar elves
35403,Negate,Magic 2011 (M11),negate
35652,Pyroclasm,Magic 2011 (M11),pyroclasm
33266,Bloodghast,Zendikar,bloodghast
33272,Cancel,Zendikar,cancel
33270,Burst Lightning,Zendikar,burst lightning
33283,Day of Judgment,Zendikar,day of judgment
33433,Spell Pierce,Zendikar,spell pierce
37392,Lightning Helix,Planechase,lightning helix
38352,Day of Judgment,Buy-A-Box Promos,day of judgment
32565,Cancel,Magic 2010 (M10),cancel
32583,Deathmark,Magic 2010 (M10),deathmark
32598,Duress,Magic 2010 (M10),duress
32607,Essence Scatter,Magic 2010 (M10),essence scatter
32613,Flashfreeze,Magic 2010 (M10),flashfreeze
32660,Llanowar Elves,Magic 2010 (M10),llanowar elves
32682,Negate,Magic 2010 (M10),negate
32701,Pyroclasm,Magic 2010 (M10),pyroclasm
79294,Cancel,Duels of the Planeswalkers,cancel
79299,Essence Scatter,Duels of the Planeswalkers,essence scatter
79304,Negate,Duels of the Planeswalkers,negate
79345,Shock,Duels of the Planeswalkers,shock
31768,Maelstrom Pulse,Alara Reborn,maelstrom pulse
36810,Duress,Duel Decks: Divine vs. Demonic,duress
27629,Cancel,Shards of Alara,cancel
18024,Negate,Morningtide,negate
37734,Llanowar Elves,Duel Decks: Elves vs. Goblins,llanowar elves
15638,Springleaf Drum,Lorwyn,springleaf drum
15065,Cancel,10th Edition,cancel
15092,Deathmark,10th Edition,deathmark
15127,Flashfreeze,10th Edition,flashfreeze
15193,Llanowar Elves,10th Edition,llanowar elves
15262,Pyroclasm,10th Edition,pyroclasm
15311,Shock,10th Edition,shock
14175,Cancel,Time Spiral,cancel
14024,Deathmark,Coldsnap,deathmark
14032,Flashfreeze,Coldsnap,flashfreeze
13831,Blood Crypt,Dissension,blood crypt
13836,Breeding Pool,Dissension,breeding pool
13875,Hallowed Fountain,Dissension,hallowed fountain
13956,Spell Snare,Dissension,spell snare
13699,Godless Shrine,Guildpact,godless shrine
13787,Steam Vents,Guildpact,steam vents
13790,Stomping Ground,Guildpact,stomping ground
13342,Lightning Helix,Ravnica: City of Guilds,lightning helix
13369,Overgrown Tomb,Ravnica: City of Guilds,overgrown tomb
13397,Sacred Foundry,Ravnica: City of Guilds,sacred foundry
13444,Temple Garden,Ravnica: City of Guilds,temple garden
13475,Watery Grave,Ravnica: City of Guilds,watery grave
12720,Llanowar Elves,9th Edition,llanowar elves
12774,Pyroclasm,9th Edition,pyroclasm
12820,Shock,9th Edition,shock
12826,Sleight of Hand,9th Edition,sleight of hand
11352,Annul,Mirrodin,annul
11170,Pyroclasm,8th Edition,pyroclasm
11182,Shock,8th Edition,shock
10610,Shock,Onslaught,shock
79632,Pyroclasm,Deckmasters Garfield vs Finkel,pyroclasm
2878,Duress,7th Edition,duress
2975,Llanowar Elves,7th Edition,llanowar elves
3036,Pyroclasm,7th Edition,pyroclasm
3078,Shock,7th Edition,shock
3082,Sleight of Hand,7th Edition,sleight of hand
7572,Opt,Invasion,opt
37504,Llanowar Elves,Beatdown Box Set,llanowar elves
37520,Shock,Beatdown Box Set,shock
37581,Llanowar Elves,Battle Royale Box Set,llanowar elves
2639,Llanowar Elves,Classic Sixth Edition,llanowar elves
2733,Shock,Classic Sixth Edition,shock
381,Sleight of Hand,Starter 1999,sleight of hand
79596,Llanowar Elves,Anthologies,llanowar elves
6782,Annul,Urza's Saga,annul
6853,Duress,Urza's Saga,duress
212,Sleight of Hand,Portal Second Age,sleight of hand
5405,Shock,Stronghold,shock
751,Pyroclasm,Portal,pyroclasm
2258,Llanowar Elves,Fifth Edition,llanowar elves
4849,Pyroclasm,Ice Age,pyroclasm
1828,Llanowar Elves,Fourth Edition,llanowar elves
109287,Llanowar Elves,Fourth Edition (Foreign Black Border),llanowar elves
108909,Llanowar Elves,Fourth Edition (Foreign White Border),llanowar elves
211954,Llanowar Elves,Summer Magic,llanowar elves
109947,Llanowar Elves,Revised Edition (Foreign White Border),llanowar elves
109641,Llanowar Elves,Revised Edition (Foreign Black Border),llanowar elves
1483,Llanowar Elves,Revised Edition,llanowar elves
9125,Llanowar Elves,Unlimited Edition,llanowar elves
8823,Llanowar Elves,Beta Edition,llanowar elves
1178,Llanowar Elves,Alpha Edition,llanowar elves
