card,set,fmt,units,tcgplayer,cardkingdom,manapool
Shock,Magic 2012 (M12),standard,2,0.04,0.35,0.15
Essence Scatter,Magic 2014 (M14),standard,3,0.06,0.35,0.15
Cancel,Shards of Alara,standard,2,0.06,0.35,0.15
Axgard Cavalry,The List Reprints,commander,1,0.07,0.39,0.15
Duress,Dragons of Tarkir,standard,19,0.07,0.39,0.15
Flashfreeze,Magic 2011 (M11),standard,19,0.09,0.39,0.15
Disdainful Stroke,Khans of Tarkir,standard,16,0.1,0.39,0.15
Emerald Charm,Dominaria Remastered,commander,1,0.1,0.35,0.15
Deathmark,Magic 2012 (M12),standard,1,0.1,0.35,0.15
Snakeskin Veil,Kaldheim,standard,4,0.12,0.39,0.15
Negate,Dragons of Tarkir,standard,6,0.12,0.35,0.15
Sudden Shock,Modern Masters,commander,1,0.13,0.35,0.15
Dimir House Guard,Ravnica Remastered,commander,1,0.13,0.35,0.15
Opt,Foundations,standard,11,0.14,0.35,0.15
Dead // Gone,The List Reprints,commander,1,0.14,0.35,0.15
Skycrash,Aetherdrift,standard,1,0.15,0.35,0.15
Three Tree Mascot,Foundations,commander,1,0.15,0.35,0.15
"Tetsuko Umezawa, Fugitive",Commander Masters,commander,1,0.15,0.35,0.15
Wingcrafter,Modern Masters 2017,commander,1,0.16,0.35,0.15
Impulsive Pilferer,Commander Masters,commander,1,0.16,0.39,0.15
"Tigra, Feline Fury",Marvel Super Heroes,standard,2,0.16,0.35,0.15
Flywheel Racer,March of the Machine,commander,1,0.16,0.35,0.15
Crumbling Vestige,Oath of the Gatewatch,commander,1,0.16,0.35,0.15
Wild Slash,Unique and Miscellaneous Promos,commander,1,0.17,0.39,0.15
Heartless Act,Commander Masters,standard,1,0.17,0.35,0.15
Burst Lightning,Modern Masters 2015,standard,15,0.17,0.35,0.15
Mishra's Factory,Commander: Adventures in the Forgotten Realms,commander,1,0.17,0.39,0.15
Basking Broodscale,Modern Horizons 3,commander,1,0.17,0.35,0.15
Young Wolf,Dark Ascension,commander,1,0.17,0.35,0.15
Mardu Devotee,Tarkir: Dragonstorm,commander,1,0.18,0.35,0.15
We Say Thee Nay!,Marvel Super Heroes,standard,2,0.18,0.35,0.15
"Rishkar, Peema Renegade",Commander Masters,commander,1,0.18,0.69,0.16
Abrade,The Lost Caverns of Ixalan,commander,2,0.18,0.35,0.15
Dragonfly Swarm,Avatar: The Last Airbender,standard,4,0.18,0.35,0.15
Annul,Theros,standard,8,0.19,0.35,0.15
Plundering Barbarian,The List Reprints,commander,1,0.19,0.35,0.15
Raven Eagle,Avatar: The Last Airbender,standard,2,0.19,0.49,0.15
"Dargo, the Shipwrecker",Commander Legends,commander,1,0.19,0.35,0.15
Maelstrom Pulse,Foundations,standard,2,0.19,0.49,0.15
Dispelling Exhale,Tarkir: Dragonstorm,standard,5,0.19,0.35,0.15
Claim the Firstborn,Throne of Eldraine,commander,1,0.19,0.35,0.15
Pyroclasm,Magic 2010 (M10),standard,5,0.2,0.39,0.18
Barkform Harvester,Bloomburrow,commander,1,0.2,0.35,0.15
Light Up the Stage,Ravnica: Clue Edition,commander,1,0.2,0.69,0.16
"Oroku Saki, Shredder Rising",Teenage Mutant Ninja Turtles,standard,3,0.2,0.35,0.15
Town Greeter,FINAL FANTASY,standard,4,0.2,0.35,0.15
Death to Our Enemies,Marvel Super Heroes,standard,3,0.2,0.35,0.15
Skirmish Rhino,Tarkir: Dragonstorm,standard,1,0.2,0.35,0.15
Octopus Form,Avatar: The Last Airbender,standard,3,0.2,0.35,0.15
Mogg Salvage,Modern Horizons 2,commander,1,0.2,0.35,0.15
It'll Quench Ya!,Avatar: The Last Airbender,standard,7,0.2,0.35,0.15
Scavenging Ooze,Commander: Streets of New Capenna,standard,2,0.21,0.49,0.15
Chromatic Star,The Brothers' War: Retro Frame Artifacts,commander,2,0.21,0.35,0.15
Divert Disaster,Edge of Eternities,standard,1,0.21,0.35,0.15
Shao Jun,Universes Beyond: Assassin's Creed,commander,1,0.21,0.35,0.15
Auratouched Mage,Ravnica: City of Guilds,commander,1,0.21,0.35,0.15
Flamebraider,Lorwyn Eclipsed,standard,4,0.21,0.35,0.15
Send in the Pest,Secrets of Strixhaven,standard,1,0.21,0.35,0.15
Soul-Guide Lantern,Foundations,standard,10,0.21,0.59,0.15
Spell Pierce,Ixalan,standard,9,0.21,0.35,0.19
Wall of Roots,The List Reprints,commander,1,0.22,0.49,0.17
Glamer Gifter,Lorwyn Eclipsed,commander,1,0.22,0.35,0.15
Unstable Amulet,Modern Horizons 3,commander,1,0.22,0.35,0.15
Dust Animus,Outlaws of Thunder Junction,standard,2,0.22,0.49,0.15
Wild Cantor,Ravnica Remastered,commander,1,0.22,0.35,0.15
Exotic Orchard,Commander: Tarkir: Dragonstorm,commander,11,0.23,0.59,0.15
"Sanar, Unfinished Genius",Secrets of Strixhaven,standard,4,0.23,0.35,0.15
Holdout Settlement,Oath of the Gatewatch,commander,1,0.23,0.49,0.15
Swallowed by Leviathan,FINAL FANTASY,standard,1,0.23,0.35,0.15
Pyrrhic Strike,Lorwyn Eclipsed,standard,1,0.23,0.35,0.15
Cloud of Faeries,Dominaria Remastered,commander,2,0.23,0.59,0.15
Broodspinner,Duskmourn: House of Horror,standard,4,0.23,0.35,0.15
Angrath's Marauders,Commander: The Lost Caverns of Ixalan,commander,1,0.23,0.69,0.15
Secret Identity,Marvel's Spider-Man,standard,1,0.23,0.49,0.15
Dwarven Scorcher,Judgment,commander,1,0.24,0.39,0.16
Feed the Cycle,Bloomburrow,standard,1,0.24,0.35,0.15
Bushwhack,The List Reprints,standard,2,0.24,0.59,0.15
Witherbloom Charm,Secrets of Strixhaven,standard,4,0.24,0.35,0.15
Combustion Technique,Avatar: The Last Airbender,standard,11,0.24,0.35,0.15
Firebending Lesson,Avatar: The Last Airbender,standard,13,0.24,0.35,0.15
Phyrexian Revoker,Magic 2015 (M15),commander,1,0.24,0.59,0.21
"Dyadrine, Synthesis Amalgam",Promo Pack: Edge of Eternities,standard,2,0.24,0.49,0.22
Subterranean Schooner,Promo Pack: The Lost Caverns of Ixalan,standard,1,0.24,0.49,0.21
Gene Pollinator,Edge of Eternities,commander,3,0.24,0.35,0.15
Twinshot Sniper,Kamigawa: Neon Dynasty,commander,1,0.25,0.35,0.15
Command Tower,Commander: Secrets of Strixhaven,commander,22,0.25,0.69,0.23
Demolition Field,Foundations,standard,1,0.25,0.49,0.15
Spire of Industry,Aether Revolt,commander,2,0.25,0.79,0.23
White Lotus Hideout,Avatar: The Last Airbender,standard,2,0.25,0.35,0.15
Pick Your Poison,Murders at Karlov Manor,standard,2,0.25,0.35,0.15
Ornithopter,The Brothers' War: Retro Frame Artifacts,commander,2,0.25,0.69,0.26
Drift of Phantasms,Ravnica Remastered,commander,1,0.25,0.79,0.23
Lightning Helix,Ravnica Remastered,standard,2,0.25,0.39,0.15
Stalactite Dagger,Lorwyn Eclipsed,commander,1,0.26,0.35,0.15
Gingerbrute,Throne of Eldraine,commander,2,0.26,0.69,0.2
Reap and Sow,Darksteel,commander,1,0.26,0.35,0.18
"Felothar, Dawn of the Abzan",Promo Pack: Tarkir: Dragonstorm,commander,1,0.26,0.49,0.19
Iron-Shield Elf,Lorwyn Eclipsed,standard,4,0.26,0.35,0.15
Peregrine Drake,Dominaria Remastered,commander,1,0.26,0.79,0.15
Consign // Oblivion,Hour of Devastation,commander,1,0.26,0.35,0.15
Skyclave Apparition,Commander: Secrets of Strixhaven,commander,2,0.26,0.59,0.15
Origin of Metalbending,Avatar: The Last Airbender,standard,2,0.27,0.35,0.15
Impractical Joke,Secrets of Strixhaven,standard,5,0.27,0.35,0.15
Lost in the Maze,Murders at Karlov Manor,standard,2,0.27,0.49,0.15
Escape Tunnel,Murders at Karlov Manor,standard,6,0.27,0.35,0.15
Bounce Off,Aetherdrift,standard,4,0.27,0.35,0.15
Ancient Vendetta,Aetherdrift,standard,4,0.27,0.35,0.15
"Quicksilver, Brash Blur",Marvel Super Heroes,commander,5,0.27,0.49,0.15
Prismari Charm,Secrets of Strixhaven,standard,8,0.27,0.35,0.15
Liberated Dwarf,Judgment,commander,1,0.27,0.35,0.19
Llanowar Elves,Magic 2010 (M10),standard,19,0.27,0.69,0.23
"Malcolm, Keen-Eyed Navigator",Commander: The Lost Caverns of Ixalan,commander,1,0.27,0.49,0.15
Key to the City,Commander: FINAL FANTASY,commander,1,0.27,0.49,0.15
Secluded Courtyard,Commander: Marvel Super Heroes,standard,4,0.28,0.39,0.15
Vibrant Outburst,Secrets of Strixhaven,standard,1,0.28,0.35,0.15
Battlefield Forge,Commander: FINAL FANTASY,commander,1,0.28,0.69,0.15
Mind Stone,Commander 2015,commander,1,0.28,0.79,0.26
Omni-Changeling,Lorwyn Eclipsed,standard,1,0.28,0.35,0.15
Stitcher's Supplier,Commander: Tarkir: Dragonstorm,commander,1,0.28,0.79,0.15
Gumdrop Poisoner,Wilds of Eldraine,standard,1,0.28,0.49,0.15
Loyal Apprentice,Commander Masters,commander,1,0.28,0.49,0.19
Grapeshot,Dominaria Remastered,commander,1,0.28,0.69,0.15
Dwarven Grunt,Odyssey,commander,1,0.28,0.39,0.25
Barbarian Ring,Modern Horizons 3,commander,1,0.28,0.49,0.15
Strangleroot Geist,Dark Ascension,commander,1,0.28,0.35,0.15
Trickery Charm,Onslaught,commander,1,0.28,0.59,0.19
Swamp,Core Set 2021,standard,46,0.28,0.49,0.15
The Huntsman's Redemption,Promo Pack: Wilds of Eldraine,standard,4,0.29,0.49,0.27
"Zhao, the Moon Slayer",Avatar: The Last Airbender,standard,2,0.29,0.49,0.15
Zoyowa's Justice,The Lost Caverns of Ixalan,commander,1,0.29,0.35,0.15
Kishla Village,Tarkir: Dragonstorm,standard,1,0.29,0.49,0.15
Full Bore,Edge of Eternities,standard,4,0.29,0.35,0.15
Tax Collector,Universes Beyond: Assassin's Creed,commander,1,0.29,0.59,0.15
Bloodfire Dwarf,Apocalypse,commander,1,0.29,0.39,0.22
Retraction Helix,Born of the Gods,commander,1,0.29,0.35,0.15
Skirge Familiar,Modern Horizons 2,commander,1,0.29,0.99,0.15
Hidden Strings,Dragon's Maze,commander,1,0.3,0.59,0.15
Iroh's Demonstration,Avatar: The Last Airbender,standard,3,0.3,0.35,0.15
Meltstrider's Resolve,Edge of Eternities,standard,6,0.3,0.39,0.15
Mirage Mirror,Commander: Marvel Super Heroes,commander,1,0.3,0.49,0.15
Dredger's Insight,Aetherdrift,standard,4,0.3,0.99,0.15
Volatile Fault,Commander: Modern Horizons 3,commander,1,0.3,0.35,0.15
Promising Vein,The Lost Caverns of Ixalan,standard,1,0.3,0.35,0.15
Opulent Palace,Khans of Tarkir,standard,1,0.3,0.69,0.15
Rakshasa's Bargain,Tarkir: Dragonstorm,standard,4,0.3,0.35,0.15
Stingerback Terror,Outlaws of Thunder Junction,standard,2,0.3,0.49,0.15
Reckless Handling,March of the Machine: The Aftermath,commander,1,0.3,0.59,0.15
Sleight of Hand,Wilds of Eldraine,standard,8,0.3,0.35,0.15
Divergent Transformations,Commander 2016,commander,1,0.31,0.69,0.32
Transmogrify,Core Set 2021,commander,1,0.31,0.49,0.17
Tavern Scoundrel,Modern Horizons 2,commander,1,0.31,0.35,0.15
Shivan Reef,Commander: Secrets of Strixhaven,commander,1,0.31,0.79,0.28
Talisman of Progress,Commander: Marvel Super Heroes,commander,1,0.31,0.99,0.27
No More Lies,Murders at Karlov Manor,standard,6,0.31,0.79,0.15
Dispel,Return to Ravnica,commander,5,0.31,0.39,0.18
Abandon Attachments,Avatar: The Last Airbender,standard,9,0.31,0.49,0.15
Conduit Pylons,Outlaws of Thunder Junction,commander,1,0.31,0.69,0.15
Sear,Lorwyn Eclipsed,standard,13,0.31,0.35,0.15
Havenwood Battleground,Beatdown Box Set,commander,1,0.32,0.79,0.37
"Chainer, Dementia Master",Commander Masters,commander,1,0.32,0.49,0.15
Chaos Warp,Commander: FINAL FANTASY,commander,1,0.32,0.79,0.29
"Vaan, Street Thief",FINAL FANTASY,commander,1,0.32,0.49,0.15
Starfield Shepherd,Edge of Eternities,standard,4,0.32,0.69,0.15
Siren Stormtamer,The List Reprints,commander,1,0.32,1.29,0.32
Skycoach Conductor,Secrets of Strixhaven,commander,4,0.32,0.49,0.15
Vision Quest,Marvel Super Heroes,commander,1,0.32,0.49,0.15
Anointed Peacekeeper,Dominaria United,commander,1,0.32,0.49,0.15
Gran-Gran,Avatar: The Last Airbender,standard,12,0.32,0.35,0.15
Together as One,Secrets of Strixhaven,standard,1,0.32,0.49,0.15
"Mister Fantastic, Reed Richards",Marvel Super Heroes,commander,1,0.32,0.39,0.15
Confounding Conundrum,Zendikar Rising,commander,1,0.32,0.49,0.15
Sylvan Scrying,Commander: Modern Horizons 3,commander,1,0.32,0.59,0.15
"Lena, Selfless Champion",Core Set 2019,commander,1,0.33,1.29,0.31
Requisition Raid,Secrets of Strixhaven: Mystical Archive,standard,2,0.33,0.35,0.15
Enslaved Dwarf,Torment,commander,1,0.33,0.35,0.18
Unlicensed Hearse,Outlaws of Thunder Junction: Breaking News,commander,1,0.33,0.99,0.15
Ill-Timed Explosion,Murders at Karlov Manor,standard,7,0.33,0.49,0.15
"Smellerbee, Rebel Fighter",Avatar: The Last Airbender: Eternal-Legal,commander,1,0.33,0.69,0.2
Hired Claw,Bloomburrow,standard,4,0.33,0.69,0.15
Broadside Barrage,Aetherdrift,standard,1,0.33,0.59,0.15
Get Out,Duskmourn: House of Horror,standard,3,0.34,0.49,0.15
Daydream,Secrets of Strixhaven,standard,4,0.34,0.35,0.15
March of Wretched Sorrow,Kamigawa: Neon Dynasty,commander,1,0.34,0.49,0.15
Extravagant Replication,Foundations,standard,1,0.34,0.69,0.15
Bitter Triumph,Secrets of Strixhaven: Mystical Archive,standard,9,0.34,0.35,0.15
Rosie Cotton of South Lane,Universes Beyond: The Lord of the Rings: Tales of Middle-earth,commander,1,0.34,0.39,0.15
Accumulate Wisdom,Avatar: The Last Airbender,standard,12,0.34,0.69,0.15
Dwarven Trader,Homelands,commander,1,0.34,0.39,0.15
Yavimaya Coast,Commander: Secrets of Strixhaven,commander,2,0.34,0.99,0.28
Survivors' Encampment,The List Reprints,commander,1,0.34,1.49,0.48
Springleaf Drum,Born of the Gods,commander,14,0.35,0.99,0.26
The Mycosynth Gardens,Commander: Edge of Eternities,commander,2,0.35,0.99,0.35
Nova Hellkite,Edge of Eternities,standard,4,0.35,0.49,0.15
Asmodeus the Archfiend,Adventures in the Forgotten Realms,commander,1,0.35,0.49,0.15
Roaring Furnace // Steaming Sauna,Duskmourn: House of Horror,standard,1,0.35,0.49,0.15
Faerie Seer,Foundations Jumpstart,commander,1,0.35,0.69,0.26
Greedy Freebooter,The Lost Caverns of Ixalan,commander,1,0.35,0.79,0.15
Slagstorm,Mirrodin Besieged,standard,3,0.35,0.69,0.25
Plains,Throne of Eldraine,standard,25,0.36,0.49,0.19
Ioreth of the Healing House,Universes Beyond: The Lord of the Rings: Tales of Middle-earth,commander,1,0.36,0.79,0.15
Prized Statue,Commander Legends: Battle for Baldur's Gate,commander,1,0.36,0.79,0.29
Sage of the Skies,Promo Pack: Tarkir: Dragonstorm,standard,4,0.36,0.69,0.31
Spyglass Siren,The Lost Caverns of Ixalan,standard,3,0.36,0.35,0.15
Aqueous Form,Theros,commander,1,0.37,0.99,0.32
Final Parting,Dominaria,commander,1,0.37,0.59,0.38
Lifecraft Engine,Aetherdrift,commander,1,0.37,0.49,0.15
Devoted Druid,Commander: Lorwyn Eclipsed,commander,2,0.37,0.99,0.37
Firdoch Core,Lorwyn Eclipsed,commander,1,0.37,0.39,0.15
Crippling Fear,Kaldheim,commander,1,0.37,1.29,0.26
Hearth Elemental,Wilds of Eldraine,standard,4,0.37,0.69,0.15
Shoot the Sheriff,Outlaws of Thunder Junction,standard,8,0.38,0.99,0.15
Buried Ruin,Commander: Edge of Eternities,commander,1,0.38,0.99,0.38
Faeburrow Elder,Commander: Bloomburrow,commander,1,0.38,0.99,0.34
Skullsnatcher,The List Reprints,commander,1,0.38,0.49,0.15
Vile Entomber,Modern Horizons 2,commander,1,0.38,0.79,0.15
Pit of Offerings,The Lost Caverns of Ixalan,standard,4,0.38,0.59,0.23
Rockface Village,Bloomburrow,standard,3,0.38,0.35,0.15
Cori Mountain Monastery,Promo Pack: Tarkir: Dragonstorm,standard,3,0.39,2.79,0.8200000000000001
Sevinne's Reclamation,Modern Horizons 3,commander,7,0.39,0.99,0.15
Fatal Push,Universes Beyond: Assassin's Creed,commander,1,0.39,0.99,0.15
Awaken the Honored Dead,Promo Pack: Tarkir: Dragonstorm,standard,4,0.39,0.79,0.4
Elvish Mystic,Magic 2015 (M15),commander,2,0.39,1.29,0.26
Pithing Needle,Innistrad: Midnight Hunt,commander,1,0.39,0.79,0.34
Talisman of Curiosity,Commander: Aetherdrift,commander,1,0.39,0.99,0.2
Mothdust Changeling,The List Reprints,commander,1,0.39,1.49,0.2
Burnout Bashtronaut,Aetherdrift,standard,4,0.39,0.69,0.15
Glen Elendra Guardian,Lorwyn Eclipsed,standard,2,0.4,0.49,0.15
Outrageous Robbery,Murders at Karlov Manor,standard,2,0.4,0.79,0.25
Restless Vinestalk,Wilds of Eldraine,standard,1,0.4,0.69,0.15
Displacement Wave,Magic Origins,commander,1,0.4,0.79,0.32
Inevitable Defeat,Promo Pack: Tarkir: Dragonstorm,standard,6,0.4,0.79,0.2
Louisoix's Sacrifice,FINAL FANTASY,commander,1,0.4,0.49,0.15
Deadly Cover-Up,Murders at Karlov Manor,standard,11,0.4,0.79,0.21
Mountain,Unsanctioned,standard,35,0.4,0.49,0.31
Hardened Academic,Secrets of Strixhaven,standard,4,0.4,0.49,0.15
Momentum Breaker,Aetherdrift,standard,2,0.4,0.39,0.15
"Sandman, Shifting Scoundrel",Marvel's Spider-Man,standard,1,0.4,0.49,0.15
Dream Beavers,Teenage Mutant Ninja Turtles,standard,6,0.4,0.35,0.15
Talisman of Hierarchy,Commander: Secrets of Strixhaven,commander,1,0.41,1.49,0.4
Floodpits Drowner,Duskmourn: House of Horror,standard,8,0.41,0.69,0.15
Ricochet Trap,The List Reprints,commander,1,0.41,0.49,0.2
"Casey Jones, Back Alley Brute",Commander: Teenage Mutant Ninja Turtles,commander,1,0.41,0.69,0.15
Avacyn's Pilgrim,Innistrad,commander,3,0.41,1.49,0.34
Signal Pest,Mirrodin Besieged,commander,1,0.42,0.99,0.32
Cut Down,Dominaria United,commander,1,0.42,0.79,0.18
Island,Guilds of Ravnica,standard,49,0.42,0.49,0.15
Spell Snare,Lorwyn Eclipsed,standard,6,0.42,0.79,0.15
Reckless Fireweaver,Commander: Aetherdrift,commander,1,0.43,1.29,0.2
Ornithopter of Paradise,Commander: Aetherdrift,commander,1,0.43,1.29,0.2
Ghost Quarter,Commander: The Lord of the Rings: Tales of Middle-earth,commander,1,0.43,1.29,0.42
"Abigale, Eloquent First-Year",Lorwyn Eclipsed,commander,1,0.43,0.49,0.15
Return the Favor,Secrets of Strixhaven: Mystical Archive,commander,2,0.43,0.39,0.15
Archmage Emeritus,Commander: Tarkir: Dragonstorm,commander,1,0.44,1.79,0.46
"Tam, Mindful First-Year",Lorwyn Eclipsed,commander,1,0.44,0.59,0.15
Snapback,Time Spiral: Remastered,commander,4,0.44,0.99,0.3
"Lavinia, Azorius Renegade",Ravnica Allegiance,commander,1,0.44,0.99,0.39
Gudul Lurker,The List Reprints,commander,1,0.44,1.29,0.41
Dramatic Reversal,Avatar: The Last Airbender: Eternal-Legal,commander,3,0.44,0.99,0.26
Molten Disaster,Commander 2013,commander,1,0.44,0.99,0.32
"Momo, Friendly Flier",Avatar: The Last Airbender,standard,4,0.44,0.69,0.15
Eclipsed Realms,Lorwyn Eclipsed,standard,1,0.45,0.99,0.15
"Thalia, Guardian of Thraben",Innistrad: Crimson Vow,commander,1,0.45,0.49,0.36
"Hawkeye, Master Marksman",Marvel Super Heroes,standard,2,0.45,0.49,0.15
Seam Rip,Edge of Eternities,standard,7,0.45,0.99,0.15
Goblin Rabblemaster,Foundations Jumpstart,commander,1,0.45,1.49,0.36
Requiting Hex,Lorwyn Eclipsed,standard,23,0.45,0.99,0.15
Arcane Signet,Starter Commander Decks,commander,19,0.46,0.99,0.46
"Surrak, Elusive Hunter",Promo Pack: Tarkir: Dragonstorm,standard,9,0.46,0.99,0.5
Ominous Harvest,Commander: Secrets of Strixhaven,commander,1,0.46,0.49,0.15
Forest,Guilds of Ravnica,standard,44,0.47,0.49,0.25
Preordain,Commander: Tarkir: Dragonstorm,commander,1,0.47,1.29,0.53
Llanowar Wastes,Commander: Duskmourn: House of Horror,commander,1,0.47,1.29,0.51
Colossal Skyturtle,Kamigawa: Neon Dynasty,commander,1,0.48,0.69,0.31
Marauding Mako,Aetherdrift,standard,3,0.49,1.29,0.35
Price of Freedom,Avatar: The Last Airbender,standard,8,0.49,1.79,0.15
Werefox Bodyguard,Wilds of Eldraine,standard,1,0.49,0.59,0.16
Culling Ritual,Commander: Secrets of Strixhaven,commander,3,0.49,0.59,0.26
Battered Golem,Fifth Dawn,commander,1,0.49,0.69,0.22
Metallic Mimic,Commander: Marvel Super Heroes,commander,1,0.5,1.29,0.36
Blood Pet,7th Edition,commander,1,0.51,1.49,0.37
Bringer of the Last Gift,The Lost Caverns of Ixalan,standard,4,0.51,0.59,0.26
Colorstorm Stallion,Secrets of Strixhaven,standard,10,0.51,0.49,0.15
Nowhere to Run,Duskmourn: House of Horror,standard,6,0.51,0.79,0.15
Reality Scramble,The List Reprints,commander,1,0.51,0.79,0.31
Leyline of the Void,Promo Pack: Duskmourn: House of Horror,commander,1,0.52,1.79,0.51
Sire of Insanity,Dragon's Maze,commander,1,0.52,0.79,0.39
Pawpatch Recruit,Bloomburrow,standard,7,0.53,0.99,0.17
Patrol Signaler,Eventide,commander,1,0.53,0.79,0.21
Infernal Plunge,Innistrad,commander,5,0.54,0.69,0.4
Ashling's Command,Lorwyn Eclipsed,standard,1,0.54,0.99,0.26
Soulstone Sanctuary,Foundations,standard,5,0.55,0.99,0.17
Deserted Temple,Modern Horizons 3,commander,1,0.57,1.29,0.23
The Jolly Balloon Man,Promo Pack: Duskmourn: House of Horror,commander,1,0.57,0.99,0.56
Universal Automaton,Modern Horizons,commander,2,0.57,0.99,0.41
Traumatic Critique,Secrets of Strixhaven,standard,5,0.58,0.49,0.15
"Lukka, Coppercoat Outcast",Ikoria: Lair of Behemoths,commander,1,0.58,0.99,0.47
Trophy Mage,Aether Revolt,commander,1,0.59,1.79,0.51
Waterlogged Grove,Universes Beyond: Doctor Who,commander,1,0.6,1.79,0.65
Smuggler's Copter,The List Reprints,commander,1,0.6,1.49,0.45
"Rionya, Fire Dancer",Commander: Secrets of Strixhaven,commander,1,0.61,0.49,0.2
Shadow of Mortality,Streets of New Capenna,commander,1,0.61,1.29,0.2
Eidolon of Rhetoric,Journey Into Nyx,commander,2,0.62,1.29,0.45
Arid Archway,Outlaws of Thunder Junction,commander,1,0.62,1.29,0.59
Aven Mindcensor,The List Reprints,commander,1,0.62,0.79,0.47
Echoing Deeps,The Lost Caverns of Ixalan,commander,1,0.64,0.99,0.27
Bloodghast,Commander: Secrets of Strixhaven,standard,4,0.65,0.99,0.51
Boomerang Basics,Avatar: The Last Airbender,standard,7,0.67,1.29,0.15
God-Pharaoh's Statue,The List Reprints,commander,1,0.67,1.49,0.52
Autumn's Veil,Magic 2012 (M12),commander,1,0.67,0.69,0.29
Starscape Cleric,Bloomburrow,standard,2,0.68,1.79,0.38
Curiosity,Innistrad,commander,2,0.69,1.79,0.52
"Magda, the Hoardmaster",Outlaws of Thunder Junction,commander,1,0.69,1.79,0.15
Seat of the Synod,Foundations Jumpstart,commander,1,0.7,1.79,0.5
Weftstalker Ardent,Edge of Eternities,commander,1,0.7,2.29,0.41
Neoform,War of the Spark,commander,1,0.73,0.99,0.15
Great Hall of the Biblioplex,Secrets of Strixhaven,standard,18,0.74,0.49,0.15
Blasphemous Act,Commander: Secrets of Strixhaven,commander,1,0.75,2.29,0.71
Damping Sphere,Dominaria Remastered,commander,3,0.75,1.29,0.6
Fellwar Stone,Commander: Secrets of Strixhaven,commander,7,0.75,1.79,0.66
Petrified Hamlet,Secrets of Strixhaven,standard,5,0.76,0.49,0.15
Lightning Bolt,Commander: Marvel Super Heroes,commander,3,0.78,1.99,0.63
"K'rrik, Son of Yawgmoth",Modern Horizons 3,commander,1,0.78,1.49,0.32
Spirit of the Labyrinth,Born of the Gods,commander,1,0.78,0.79,0.43
"Cecil, Dark Knight",FINAL FANTASY,standard,3,0.78,0.79,0.15
"Hammerhead, Maggia Boss",Commander: Marvel Super Heroes,commander,1,0.79,0.79,0.48
Snow-Covered Mountain,Modern Horizons,commander,1,0.81,0.99,0.72
Combat Celebrant,Foundations Jumpstart,commander,1,0.81,2.29,0.8300000000000001
Buried Alive,Modern Horizons 3,commander,1,0.81,1.99,0.35
Hydroelectric Specimen,Modern Horizons 3,commander,1,0.82,1.79,0.52
Esper Origins,FINAL FANTASY,standard,2,0.82,0.79,0.22
"Moseo, Vein's New Dean",Secrets of Strixhaven,standard,1,0.82,0.49,0.2
"Oko, Lorwyn Liege",Lorwyn Eclipsed,standard,1,0.83,0.99,0.33
"Kavaron, Memorial World",Promo Pack: Edge of Eternities,commander,5,0.83,1.99,1.26
Strategic Betrayal,Tarkir: Dragonstorm,standard,12,0.83,0.79,0.15
Aftermath Analyst,Murders at Karlov Manor,commander,1,0.84,1.29,0.61
Talisman of Indulgence,Commander: Marvel Super Heroes,commander,3,0.85,2.79,0.89
Practiced Offense,Promo Pack: Secrets of Strixhaven,standard,16,0.86,2.29,0.72
Talisman of Dominance,Commander: Marvel Super Heroes,commander,3,0.87,2.49,0.86
Tandem Lookout,Modern Masters 2017,commander,1,0.87,1.29,0.72
"Leatherhead, Swamp Stalker",Teenage Mutant Ninja Turtles,standard,7,0.89,0.79,0.15
Rest in Peace,Universes Beyond: Assassin's Creed,standard,12,0.89,1.79,0.16
Oath of Teferi,Dominaria,commander,1,0.9,0.79,0.43
Patrolling Peacemaker,Commander: Edge of Eternities,commander,1,0.9,0.99,0.78
Boggart Trawler,Modern Horizons 3,commander,1,0.91,2.29,0.68
Doomsday Excruciator,Duskmourn: House of Horror,standard,4,0.91,0.99,0.2
Day of Judgment,Foundations,standard,4,0.91,1.29,0.26
Gray Merchant of Asphodel,Theros Beyond Death,commander,1,0.91,2.29,0.67
Dreamroot Cascade,Commander: Tarkir: Dragonstorm,standard,5,0.92,1.49,0.67
Ertai Resurrected,Dominaria United,commander,1,0.93,1.29,0.71
Sundering Eruption,Modern Horizons 3,commander,1,0.94,1.99,0.87
Concealed Courtyard,Kaladesh,standard,3,0.95,1.99,0.76
Emberheart Challenger,Bloomburrow,standard,4,0.96,1.79,0.28
Fabled Passage,Commander: Marvel Super Heroes,standard,11,0.96,1.49,0.92
"Leonardo, Cutting Edge",Teenage Mutant Ninja Turtles,standard,1,0.97,1.29,0.3
Touch the Spirit Realm,Kamigawa: Neon Dynasty,commander,4,0.97,1.29,0.64
"Ashling, Rekindled",Lorwyn Eclipsed,standard,8,0.98,0.99,0.45
Fire Magic,FINAL FANTASY,standard,4,0.98,1.29,0.15
Ignoble Hierarch,The List Reprints,commander,2,0.98,2.29,1.02
Relic of Legends,Commander: Marvel Super Heroes,commander,4,0.99,1.99,0.72
Gravecrawler,Commander: Aetherdrift,commander,1,1.0,1.99,0.7000000000000001
Sazh's Chocobo,FINAL FANTASY,standard,8,1.0,0.49,0.15
Lumbering Worldwagon,Aetherdrift,standard,1,1.0,1.29,0.2
Treasure Vault,Commander: Aetherdrift,commander,1,1.03,2.49,1.04
Incubation Druid,Commander: FINAL FANTASY,commander,1,1.03,1.79,0.97
Path to Exile,Commander: Marvel Super Heroes,commander,2,1.04,2.49,1.11
Cursed Totem,Modern Horizons 2,commander,4,1.04,1.49,0.88
Snow-Covered Swamp,Modern Horizons,commander,2,1.04,0.79,0.39
"Carnage, Crimson Chaos",Play Promos,standard,2,1.05,2.29,1.21
Urza's Cave,Modern Horizons 3,commander,1,1.05,2.29,0.52
"Ardyn, the Usurper",FINAL FANTASY,standard,2,1.05,1.29,0.33
Underground River,Commander: Aetherdrift,commander,2,1.06,3.99,1.63
Stock Up,Secrets of Strixhaven: Mystical Archive,standard,27,1.06,0.99,0.43
Sulfurous Springs,Commander: FINAL FANTASY,commander,1,1.06,2.29,1.17
Blood Celebrant,Legions,commander,1,1.06,0.99,0.43
Avengers Disassembled,Marvel Super Heroes,standard,9,1.07,3.49,0.5
Snow-Covered Forest,Modern Horizons,commander,4,1.08,1.49,0.72
Day of Black Sun,Avatar: The Last Airbender,standard,7,1.08,1.49,0.3
Shadow of the Goblin,Marvel's Spider-Man,commander,1,1.09,1.49,0.23
Nature's Claim,Eternal Masters,commander,1,1.1,1.29,0.64
Agna Qel'a,Avatar: The Last Airbender,standard,1,1.11,1.79,0.87
"Mai, Scornful Striker",Avatar: The Last Airbender,commander,1,1.12,1.79,0.19
Glen Elendra's Answer,Lorwyn Eclipsed,commander,1,1.12,0.99,0.46
Sheltered by Ghosts,Commander: Secrets of Strixhaven,standard,6,1.12,2.99,1.08
"Veyran, Voice of Duality",Commander: Tarkir: Dragonstorm,commander,1,1.13,4.49,0.9
Thousand-Year Storm,Foundations,standard,1,1.14,1.49,0.46
Preacher of the Schism,Promo Pack: The Lost Caverns of Ixalan,standard,1,1.14,1.49,0.9
Sapling Nursery,Lorwyn Eclipsed,standard,4,1.16,1.79,0.28
Swords to Plowshares,Commander: Marvel Super Heroes,commander,6,1.17,2.29,1.53
Insidious Roots,Murders at Karlov Manor,commander,1,1.2,2.79,0.88
Adaptive Automaton,The Brothers' War: Retro Frame Artifacts,commander,1,1.21,2.29,0.6900000000000001
Mistblade Shinobi,The List Reprints,commander,1,1.22,1.79,0.65
Eternal Witness,Starter Commander Decks,commander,3,1.24,1.49,1.26
Maskwood Nexus,Commander: Modern Horizons 3,commander,1,1.24,1.99,1.13
Oildeep Gearhulk,Aetherdrift,standard,3,1.25,1.99,0.48
Notion Thief,Commander: Zendikar Rising,commander,1,1.27,2.49,1.3
Daze,Secrets of Strixhaven: Mystical Archive,commander,3,1.27,2.29,0.87
Slaughter Pact,Modern Masters,commander,1,1.28,1.99,1.22
Storm-Kiln Artist,Commander: Secrets of Strixhaven,commander,4,1.3,2.29,1.33
Sol Ring,Commander: Secrets of Strixhaven,commander,25,1.33,2.49,1.43
"Ashiok, Dream Render",War of the Spark,commander,1,1.33,1.29,0.61
Shattered Sanctum,Secrets of Strixhaven,standard,5,1.35,2.79,0.92
Brainstorm,Commander 2018,commander,2,1.37,2.49,1.71
Airbender Ascension,Avatar: The Last Airbender,standard,2,1.38,2.29,0.52
Centaur Garden,Odyssey,commander,1,1.38,1.49,0.89
Leyline of Abundance,Core Set 2020,commander,1,1.39,1.49,0.93
Altar of the Wretched,Commander: The Lost Caverns of Ixalan,commander,1,1.39,2.99,4.68
Burnt Offering,Ice Age,commander,1,1.41,1.29,0.77
Persist,Modern Horizons 2,commander,1,1.42,1.79,0.76
Expedition Map,Zendikar,commander,2,1.42,3.99,1.0
Disruptor Flute,Modern Horizons 3,commander,1,1.43,2.99,0.9
Peter Parker's Camera,Marvel's Spider-Man,commander,1,1.43,1.99,0.91
Manifold Key,Commander Legends: Battle for Baldur's Gate,commander,1,1.45,2.29,1.09
Soot Imp,Duel Decks: Anthology,commander,1,1.45,1.49,1.11
Botanical Sanctum,Kaladesh,commander,1,1.45,2.49,1.11
Mightform Harmonizer,Edge of Eternities,standard,8,1.45,2.79,1.04
Heartless Summoning,Innistrad,commander,1,1.47,2.79,1.22
Blue Elemental Blast,Fourth Edition,commander,1,1.49,1.29,0.59
Qarsi Revenant,Promo Pack: Tarkir: Dragonstorm,standard,9,1.49,2.79,1.55
Surgical Extraction,Outlaws of Thunder Junction: Breaking News,commander,1,1.49,3.49,0.78
Sanctum Prelate,Conspiracy: Take the Crown,commander,1,1.5,1.29,0.7000000000000001
Saheeli Rai,Kaladesh,commander,1,1.51,2.29,1.26
Flare of Duplication,Modern Horizons 3,commander,6,1.52,2.29,1.03
North Wind Avatar,Teenage Mutant Ninja Turtles,standard,2,1.52,1.79,0.43
Eddymurk Crab,Bloomburrow,standard,8,1.52,1.99,0.48
Pinnacle Monk,Modern Horizons 3,commander,1,1.55,3.49,1.32
Knight of the Reliquary,Iconic Masters,commander,1,1.55,1.99,1.42
Ponder,Commander: Tarkir: Dragonstorm,commander,1,1.56,4.49,2.02
Sculpting Steel,10th Edition,commander,1,1.56,3.99,2.6
Sunderflock,Lorwyn Eclipsed,standard,8,1.56,2.29,1.03
Fyndhorn Elves,Commander Legends,commander,3,1.57,3.99,2.06
Withering Curse,Secrets of Strixhaven,standard,3,1.57,1.29,0.6
Virulent Emissary,Lorwyn Eclipsed,standard,1,1.58,1.79,0.15
Dragon's Rage Channeler,Modern Horizons 2,commander,1,1.58,1.49,0.77
Abrupt Decay,Outlaws of Thunder Junction: Breaking News,commander,2,1.58,2.29,1.04
The Unagi of Kyoshi Island,Avatar: The Last Airbender,standard,4,1.58,2.49,0.71
Wishclaw Talisman,Foundations,commander,11,1.58,3.99,2.04
Marang River Regent,Promo Pack: Tarkir: Dragonstorm,standard,9,1.59,2.79,2.22
Geier Reach Sanitarium,Commander: Adventures in the Forgotten Realms,commander,1,1.6,3.99,2.05
"Haliya, Guided by Light",Edge of Eternities,standard,2,1.6,4.99,1.65
Biomancer's Familiar,Ravnica Allegiance,commander,2,1.61,2.99,1.09
Carpet of Flowers,Universes Beyond: Doctor Who,commander,1,1.62,3.49,1.5
Spider-Sense,Marvel's Spider-Man,standard,11,1.62,2.79,1.03
Split Up,Promo Pack: Duskmourn: House of Horror,standard,2,1.63,2.49,1.71
Shred Memory,Ravnica: City of Guilds,commander,1,1.64,0.79,0.36
Warden of the Grove,Promo Pack: Tarkir: Dragonstorm,commander,1,1.64,2.99,1.7
Winternight Stories,Tarkir: Dragonstorm,standard,11,1.64,2.29,0.73
Keen-Eyed Curator,Bloomburrow,standard,4,1.65,1.49,0.2
Muddle the Mixture,Ravnica: City of Guilds,commander,1,1.66,2.99,1.65
Pyrokinesis,The List Reprints,commander,1,1.66,3.49,2.08
"Gogo, Mysterious Mime",Commander: FINAL FANTASY,commander,1,1.69,2.79,1.5
Changeling Outcast,Modern Horizons,commander,1,1.71,1.49,1.45
Strix Serenade,Modern Horizons 3,commander,1,1.71,2.79,0.51
Talisman of Creativity,Commander: Marvel Super Heroes,commander,1,1.71,3.49,1.7
Copy Enchantment,Wilds of Eldraine: Enchanting Tales,commander,2,1.72,2.49,0.8200000000000001
Resonating Lute,Secrets of Strixhaven,standard,1,1.73,1.49,1.35
Flow State,Secrets of Strixhaven,standard,7,1.73,2.99,0.93
Sowing Mycospawn,Modern Horizons 3,commander,1,1.73,2.49,1.03
Phyrexian Walker,Visions,commander,1,1.75,2.79,0.8300000000000001
Tinder Wall,Ice Age,commander,1,1.76,0.99,0.5
Snow-Covered Island,Jumpstart 2022,commander,1,1.78,2.99,2.06
Restless Cottage,Wilds of Eldraine,standard,2,1.79,1.99,1.08
"Krark, the Thumbless",Commander Legends,commander,1,1.79,1.99,1.04
Inspiring Vantage,Kaladesh,standard,2,1.8,3.99,1.64
Stormcarved Coast,Promo Pack: Secrets of Strixhaven,standard,9,1.84,3.99,1.91
Blinkmoth Nexus,Modern Masters 2015,commander,1,1.87,2.49,1.03
Sundown Pass,Secrets of Strixhaven,standard,6,1.89,2.99,1.58
Archon of Emeria,Promo Pack: Zendikar Rising,commander,2,1.91,2.49,1.96
Thousand-Faced Shadow,Promo Pack: Kamigawa: Neon Dynasty,commander,1,1.92,3.99,1.8
Earthbender Ascension,Avatar: The Last Airbender,standard,8,1.93,3.49,1.64
"Tyvar, Jubilant Brawler",Phyrexia: All Will Be One,commander,2,1.93,1.99,1.04
Mishra's Bauble,The Brothers' War: Retro Frame Artifacts,commander,1,1.94,3.49,1.82
Lively Dirge,Outlaws of Thunder Junction,commander,1,1.95,2.99,1.76
Tablet of Discovery,Secrets of Strixhaven,standard,23,1.95,1.99,0.96
Deathcap Glade,Secrets of Strixhaven,standard,8,1.95,2.79,1.92
Ghostly Pilferer,Commander: Innistrad: Crimson Vow,commander,1,1.97,4.49,1.92
Restoration Magic,FINAL FANTASY,standard,1,2.06,2.79,1.25
Clarion Conqueror,Promo Pack: Tarkir: Dragonstorm,commander,4,2.06,3.99,2.71
Galvanic Blast,The List Reprints,commander,1,2.08,2.99,2.18
Gathering Place,Marvel Super Heroes,standard,4,2.1,4.49,2.3000000000000003
Flare of Malice,Modern Horizons 3,commander,1,2.11,2.99,1.01
Lotus Field,Core Set 2020,commander,1,2.11,3.99,2.04
Great Furnace,Commander 2018,commander,4,2.12,3.99,2.66
Oboro Breezecaller,Saviors of Kamigawa,commander,2,2.12,0.99,0.96
Deafening Silence,Throne of Eldraine,commander,2,2.12,1.79,1.02
Narset's Reversal,Commander: Tarkir: Dragonstorm,commander,1,2.13,3.99,2.04
Mirrorpool,Oath of the Gatewatch,commander,1,2.17,4.49,1.3
Tishana's Tidebinder,The Lost Caverns of Ixalan,standard,2,2.17,3.99,1.72
Blooming Marsh,Kaladesh,standard,4,2.17,4.99,2.03
Sunspine Lynx,Bloomburrow,standard,5,2.18,2.79,1.11
The Last Agni Kai,Avatar: The Last Airbender,commander,1,2.2,3.49,1.25
Restless Reef,The Lost Caverns of Ixalan,standard,8,2.22,2.29,1.21
"Aang, Swift Savior",Avatar: The Last Airbender,standard,6,2.24,3.99,1.86
Vexing Bauble,Modern Horizons 3,commander,9,2.24,4.49,2.01
Goblin Bombardment,Game Day & Store Championship Promos,commander,1,2.25,3.99,2.34
Into the Flood Maw,Bloomburrow,commander,10,2.34,3.99,1.87
"Rograkh, Son of Rohgahh",Commander Legends,commander,4,2.35,2.99,2.08
Mirrormade,Throne of Eldraine,commander,5,2.35,3.49,1.72
Ruthless Technomancer,Foundations Jumpstart,commander,1,2.35,5.49,2.43
Consult the Star Charts,Edge of Eternities,standard,11,2.36,5.49,2.49
Virtue of Courage,Promo Pack: Wilds of Eldraine,commander,1,2.38,7.99,3.94
Vesuva,Commander: Modern Horizons 3,commander,1,2.38,4.99,2.17
Phyrexian Metamorph,Commander: Edge of Eternities,commander,3,2.42,3.99,2.43
"Sokenzan, Crucible of Defiance",Promo Pack: Kamigawa: Neon Dynasty,commander,2,2.42,6.99,3.84
Bolt Bend,Foundations,commander,1,2.43,4.99,2.81
Horizon Explorer,Commander: Edge of Eternities,commander,1,2.49,2.99,2.34
Commandeer,Outlaws of Thunder Junction: Breaking News,commander,7,2.51,4.49,1.8
Superior Spider-Man,Marvel's Spider-Man,standard,8,2.51,2.99,1.49
An Offer You Can't Refuse,The List Reprints,commander,11,2.51,4.49,2.6
Spark Mage,Odyssey,commander,1,2.52,3.49,2.07
"Sisay, Weatherlight Captain",Modern Horizons,commander,1,2.53,2.49,1.9
Clever Impersonator,The List Reprints,commander,3,2.53,4.99,2.44
Curse of Opulence,The List Reprints,commander,1,2.55,4.49,3.19
Necrodominance,Modern Horizons 3,commander,4,2.55,4.99,1.8
"Magda, Brazen Outlaw",Kaldheim,commander,4,2.57,3.49,2.7
Famished Worldsire,Edge of Eternities,commander,1,2.6,4.49,2.08
Dizzy Spell,Ravnica: City of Guilds,commander,2,2.63,2.49,1.21
"Aminatou, the Fateshifter",Double Masters 2022,commander,1,2.64,3.99,2.88
Waste Land,Mystery Booster: Convention Edition Exclusives,commander,1,2.64,3.49,4.83
Ainok Strike Leader,Commander: Tarkir: Dragonstorm,commander,1,2.64,4.49,2.22
Angel's Grace,Secrets of Strixhaven: Mystical Archive,commander,3,2.65,3.99,2.56
Baleful Mastery,Promo Pack: Strixhaven,commander,1,2.65,2.99,2.62
Elves of Deep Shadow,Ravnica: City of Guilds,commander,2,2.66,3.99,2.27
Vial Smasher the Fierce,Commander: Duskmourn: House of Horror,commander,1,2.71,2.79,1.35
Dark Petition,Magic Origins,commander,1,2.72,6.49,2.22
Necrotic Ooze,Scars of Mirrodin,commander,1,2.76,3.49,2.26
Strike It Rich,Modern Horizons 2,commander,1,2.77,2.79,2.49
"Lindblum, Industrial Regency",FINAL FANTASY,standard,6,2.81,3.99,2.08
Throat Slitter,The List Reprints,commander,1,2.81,2.99,2.28
Temporal Trespass,Universes Beyond: Assassin's Creed,commander,1,2.81,4.99,2.54
Gush,Duel Decks: Anthology,commander,1,2.87,7.49,2.96
Unmarked Grave,Modern Horizons 2,commander,1,2.89,3.99,2.58
Grafdigger's Cage,Dark Ascension,commander,4,2.89,4.49,1.96
Simian Spirit Guide,Masters 25,commander,14,2.89,4.49,3.21
Fell the Profane,Modern Horizons 3,commander,1,2.95,5.99,2.96
Memnite,Scars of Mirrodin,commander,3,2.98,2.79,1.01
Hazel's Brewmaster,Commander: Bloomburrow,commander,1,2.98,3.99,1.75
"Marvin, Murderous Mimic",Promo Pack: Duskmourn: House of Horror,commander,2,2.99,4.99,2.52
"Tayam, Luminous Enigma",Commander 2020,commander,1,3.01,9.49,2.37
Hope of Ghirapur,The List Reprints,commander,2,3.02,2.79,2.31
Elvish Spirit Guide,Dominaria Remastered,commander,6,3.04,2.49,2.61
Soulless Jailer,Phyrexia: All Will Be One,commander,1,3.06,2.29,1.12
Aven Interrupter,Outlaws of Thunder Junction,commander,7,3.06,4.49,2.64
Howlsquad Heavy,Aetherdrift,commander,1,3.07,4.49,1.45
Echocasting Symposium,Secrets of Strixhaven,standard,1,3.13,4.49,2.85
Dismember,New Phyrexia,commander,2,3.13,4.49,2.03
Deceit,Lorwyn Eclipsed,standard,12,3.14,8.49,2.59
"Teferi, Who Slows the Sunset",Innistrad: Midnight Hunt,commander,1,3.16,5.99,3.23
Avatar's Wrath,Avatar: The Last Airbender,standard,3,3.18,5.99,2.95
Felidar Guardian,Aether Revolt,commander,1,3.18,1.99,1.38
"Skrelv, Defector Mite",Promo Pack: Phyrexia: All Will Be One,commander,1,3.18,5.49,5.47
Harmonic Prodigy,Commander: Secrets of Strixhaven,commander,1,3.2,5.49,2.08
Brain Freeze,Secrets of Strixhaven: Mystical Archive,commander,9,3.24,4.99,2.8000000000000003
Peer into the Abyss,Core Set 2021,commander,2,3.25,3.99,2.81
Veil of Summer,Core Set 2020,commander,3,3.25,6.49,2.88
Vibrance,Lorwyn Eclipsed,standard,4,3.25,7.49,2.61
Mockingbird,Bloomburrow,commander,11,3.26,4.99,2.95
Snap,Dominaria Remastered,commander,3,3.29,4.49,3.06
Crop Rotation,Commander 2020,commander,5,3.3,3.49,3.23
Dark Ritual,Fourth Edition,commander,15,3.32,4.49,1.56
From the Ashes,Commander 2013,commander,1,3.33,2.79,1.55
Ba Sing Se,Avatar: The Last Airbender,standard,9,3.34,6.99,3.58
Doomsday,Commander: Marvel Super Heroes,commander,1,3.36,5.49,2.94
Legion Extruder,Outlaws of Thunder Junction: The Big Score,commander,1,3.37,4.99,2.89
Gemstone Mine,Dominaria Remastered,commander,4,3.43,4.99,2.6
Red Elemental Blast,Fourth Edition,commander,11,3.44,4.99,2.96
Aether Vial,Double Masters 2022,commander,1,3.45,3.49,3.25
"Yuriko, the Tiger's Shadow",Commander Masters,commander,1,3.45,3.99,3.16
Valley Floodcaller,Bloomburrow,commander,12,3.46,5.49,3.43
Collector Ouphe,Modern Horizons,commander,1,3.46,3.49,1.96
Witch Enchanter,Modern Horizons 3,commander,1,3.48,6.49,3.26
Obliterate,8th Edition,commander,1,3.51,3.99,2.96
Hidden Lair,Marvel Super Heroes,standard,5,3.52,5.49,3.46
Eldritch Evolution,Eldritch Moon,commander,2,3.52,5.99,3.11
Dryad Arbor,Commander: Duskmourn: House of Horror,commander,2,3.55,3.99,2.31
Basalt Monolith,Revised Edition,commander,2,3.58,5.99,2.78
Toxic Deluge,Commander: Marvel Super Heroes,commander,4,3.62,6.49,3.37
"Braids, Arisen Nightmare",Promo Pack: Dominaria United,commander,1,3.64,5.49,4.2700000000000005
Swift Reconfiguration,Commander: Kamigawa: Neon Dynasty,commander,2,3.65,5.49,4.16
Get Lost,The Lost Caverns of Ixalan,standard,2,3.66,5.49,3.06
Needleverge Pathway,Zendikar Rising,commander,1,3.69,4.99,4.04
Kessig Flamebreather,Innistrad: Crimson Vow,commander,1,3.71,5.49,3.53
Endurance,Commander: Lorwyn Eclipsed,commander,2,3.73,6.99,3.61
Flashback,Secrets of Strixhaven,standard,4,3.73,6.99,3.12
Voltaic Key,Magic 2011 (M11),commander,1,3.73,5.99,2.6
Rejuvenating Springs,Commander: Marvel Super Heroes,commander,1,3.74,6.49,3.75
Flare of Denial,Modern Horizons 3,commander,1,3.77,5.49,3.01
Thran Dynamo,Commander 2014,commander,1,3.79,6.49,4.11
Submerge,The List Reprints,commander,1,3.79,4.99,3.13
Mutavault,Commander Legends: Battle for Baldur's Gate,commander,1,3.8,6.99,4.05
"Glarb, Calamity's Augur",Bloomburrow,commander,1,3.81,3.49,3.31
"Tivit, Seller of Secrets",Commander: Streets of New Capenna,commander,2,3.82,6.99,2.69
Season of Weaving,Promo Pack: Bloomburrow,standard,1,3.85,7.99,6.03
Emergence Zone,War of the Spark,commander,8,3.85,5.99,3.5
Carrion Feeder,Modern Horizons,commander,1,3.87,4.99,3.01
Ghost Vacuum,Promo Pack: Duskmourn: House of Horror,standard,12,3.88,5.99,5.67
Clock of Omens,Magic 2013 (M13),commander,1,3.92,5.99,3.01
Dwarven Armorer,Fallen Empires,commander,1,3.96,5.99,1.95
Borne Upon a Wind,Universes Beyond: The Lord of the Rings: Tales of Middle-earth,commander,12,3.98,4.99,3.8
Gitaxian Probe,New Phyrexia,commander,6,3.99,4.99,3.34
Liquimetal Torque,Modern Horizons 2,commander,1,4.01,4.49,3.12
Bottle-Cap Blast,Universes Beyond: Fallout,commander,1,4.03,5.99,2.33
Stormchaser's Talent,Bloomburrow,standard,4,4.04,8.99,3.86
Enduring Innocence,Duskmourn: House of Horror,standard,4,4.05,6.99,3.87
Fiery Islet,Universes Beyond: Doctor Who,commander,1,4.08,5.49,3.82
Magus of the Moon,Time Spiral: Remastered,commander,1,4.13,4.49,3.9
Dauthi Voidwalker,Modern Horizons 2,commander,2,4.16,6.49,3.9
Hickory Woodlot,Mercadian Masques,commander,1,4.16,4.49,3.01
Hydroblast,Ice Age,commander,1,4.16,6.99,2.66
Spelunking,The Lost Caverns of Ixalan,commander,1,4.22,3.99,3.21
Blind Obedience,Gatecrash,commander,1,4.28,6.99,3.44
"Winota, Joiner of Forces",Ikoria: Lair of Behemoths,commander,1,4.29,4.99,4.09
The Darkness Crystal,FINAL FANTASY,commander,1,4.35,5.99,4.0600000000000005
Cosmogrand Zenith,Promo Pack: Edge of Eternities,standard,2,4.41,8.49,6.08
M.O.D.O.K.,Marvel Super Heroes,standard,1,4.42,6.99,4.15
High Noon,Promo Pack: Outlaws of Thunder Junction,standard,6,4.43,9.99,5.0600000000000005
Phantasmal Image,Magic 2012 (M12),commander,1,4.43,6.99,4.15
"Beza, the Bounding Spring",Bloomburrow,standard,2,4.44,5.49,4.15
Temporal Mastery,The List Reprints,commander,1,4.46,5.49,3.59
Nature's Rhythm,Promo Pack: Tarkir: Dragonstorm,commander,7,4.49,6.99,4.58
Banishing Knack,Eventide,commander,1,4.52,1.49,1.04
"Karn, the Great Creator",War of the Spark,commander,1,4.56,5.99,3.93
Manamorphose,Double Masters,commander,1,4.56,5.99,4.84
Windfall,Iconic Masters,commander,2,4.71,7.99,4.42
Root Maze,10th Edition,commander,1,4.71,7.49,4.37
Beseech the Queen,The List Reprints,commander,1,4.72,4.99,4.01
Professor Dellian Fel,Secrets of Strixhaven,standard,3,4.73,6.99,3.86
Abandoned Air Temple,Avatar: The Last Airbender,standard,7,4.73,9.99,4.89
High Fae Trickster,Foundations,commander,6,4.73,8.99,4.16
"Nicol Bolas, Dragon-God",Ravnica Remastered,commander,1,4.75,5.49,4.14
Shifting Woodland,Modern Horizons 3,commander,4,4.78,7.49,2.86
Six,Promo Pack: Secrets of Strixhaven,commander,1,4.81,7.99,5.4
Springheart Nantuko,Modern Horizons 3,commander,2,4.81,6.99,4.14
Ancient Cornucopia,Outlaws of Thunder Junction: The Big Score,standard,4,4.81,8.99,4.69
Summoner's Pact,Masters 25,commander,1,4.81,5.49,3.02
Gavony Township,Innistrad,commander,1,4.84,7.99,4.11
Pyretic Ritual,Magic 2011 (M11),commander,2,4.85,8.49,4.08
Torpor Orb,Outlaws of Thunder Junction: The Big Score,commander,4,4.87,7.99,3.51
Horizon of Progress,Commander: Modern Horizons 3,commander,1,4.88,4.99,4.39
"Kediss, Emberclaw Familiar",Commander Legends,commander,1,4.94,8.99,5.13
Animate Dead,Commander: Secrets of Strixhaven,commander,1,4.96,7.49,5.0
Spirebluff Canal,Kaladesh,standard,20,4.96,9.99,3.58
Gifts Ungiven,Modern Masters 2017,commander,4,4.98,5.49,4.53
Orim's Chant,Modern Horizons 3,commander,3,5.01,8.99,4.86
Blade Historian,Promo Pack: Strixhaven,commander,1,5.03,9.49,5.43
Ephemerate,Modern Horizons,commander,1,5.05,5.99,5.19
"Phelia, Exuberant Shepherd",Modern Horizons 3,commander,1,5.05,8.49,3.64
Saw in Half,Unfinity,commander,1,5.13,7.49,4.78
"Eiganjo, Seat of the Empire",Kamigawa: Neon Dynasty,commander,1,5.13,9.99,5.19
Gut Shot,Modern Masters 2015,commander,3,5.14,7.99,4.15
Blightstep Pathway,Kaldheim,commander,1,5.22,7.99,5.73
Last Chance,Starter 1999,commander,3,5.26,14.99,8.75
Slickshot Show-Off,Promo Pack: Outlaws of Thunder Junction,standard,4,5.27,8.99,5.76
Crystal Vein,Classic Sixth Edition,commander,3,5.29,8.99,4.04
Sylvan Safekeeper,Modern Horizons 3,commander,2,5.29,7.99,4.88
"Niv-Mizzet, Parun",Guilds of Ravnica,commander,1,5.31,6.49,5.0600000000000005
Professor Onyx,Promo Pack: Strixhaven,commander,2,5.38,8.49,5.21
Sudden Substitution,Commander 2019,commander,1,5.42,6.99,4.57
Counterbalance,The List Reprints,commander,3,5.43,4.49,4.09
Three Steps Ahead,Outlaws of Thunder Junction,standard,10,5.46,8.99,4.16
Professional Face-Breaker,Streets of New Capenna,commander,6,5.51,7.99,5.72
Hoarding Broodlord,March of the Machine,commander,1,5.54,7.49,4.5200000000000005
Hullbreaker Horror,Commander Legends: Battle for Baldur's Gate,commander,2,5.61,8.49,5.86
Sink into Stupor,Modern Horizons 3,commander,5,5.63,10.99,5.87
Ethersworn Canonist,Shards of Alara,commander,2,5.66,5.99,4.11
Lotus Cobra,Foundations Jumpstart,commander,1,5.67,6.99,4.5
Blossoming Tortoise,Wilds of Eldraine,commander,1,5.67,6.99,5.19
Gleeful Arsonist,Commander: Duskmourn: House of Horror,commander,1,5.7,7.49,4.48
Erode,Secrets of Strixhaven,standard,15,5.71,9.49,3.9
Desperate Ritual,Champions of Kamigawa,commander,3,5.72,7.99,4.18
Fleshwrither,Future Sight,commander,1,5.85,4.99,1.56
"Boromir, Warden of the Tower",Universes Beyond: The Lord of the Rings: Tales of Middle-earth,commander,1,5.85,7.99,5.21
Rite of Flame,Coldsnap,commander,12,5.94,7.99,5.47
Chord of Calling,Double Masters,commander,6,5.95,7.99,5.98
Omniscience,Foundations,standard,4,5.96,8.49,5.34
Whir of Invention,Aether Revolt,commander,1,6.0,8.49,5.05
Dwarven Bloodboiler,Judgment,commander,1,6.01,9.99,5.73
Elvish Reclaimer,Core Set 2020,commander,1,6.02,5.99,4.66
"Teferi, Time Raveler",War of the Spark,commander,2,6.03,7.99,6.1000000000000005
Emeritus of Ideation,Secrets of Strixhaven,standard,12,6.13,8.49,5.72
Pest Control,Outlaws of Thunder Junction: The Big Score,standard,1,6.19,7.99,5.73
Lazotep Quarry,Commander: Modern Horizons 3,commander,1,6.22,7.99,5.19
Snuff Out,Universes Beyond: Doctor Who,commander,3,6.34,8.49,6.44
Jeskai Revelation,Tarkir: Dragonstorm,standard,16,6.36,8.99,4.34
Spectator Seating,Commander: Marvel Super Heroes,commander,1,6.41,8.99,6.63
Enduring Curiosity,Promo Pack: Duskmourn: House of Horror,standard,3,6.45,8.99,6.87
Pollywog Prodigy,Commander: Bloomburrow,commander,1,6.47,10.99,6.03
Urza's Bauble,Fifth Edition,commander,1,6.49,9.49,7.05
Defense Grid,8th Edition,commander,4,6.54,9.99,6.19
Imp's Mischief,Commander Masters,commander,1,6.54,9.49,7.0600000000000005
Twincast,Magic 2010 (M10),commander,1,6.55,9.49,5.61
Rain of Filth,The List Reprints,commander,5,6.7,9.49,4.86
Hushwood Verge,Promo Pack: Duskmourn: House of Horror,standard,12,6.72,13.99,7.01
Hallowed Fountain,Lorwyn Eclipsed,commander,19,6.77,10.99,6.890000000000001
Multiversal Passage,Marvel's Spider-Man,standard,22,6.77,10.99,5.71
Willowrush Verge,Aetherdrift,commander,3,6.78,9.99,5.8
Imposter Mech,Commander: Kamigawa: Neon Dynasty,commander,1,6.86,11.99,5.94
Cool but Rude,Teenage Mutant Ninja Turtles,commander,6,6.86,12.99,7.17
Blood Moon,9th Edition,commander,1,6.91,11.99,7.04
Wistfulness,Lorwyn Eclipsed,standard,6,6.92,15.99,8.06
Noxious Revival,New Phyrexia,commander,2,6.93,10.99,5.72
Archivist of Oghma,Commander Legends: Battle for Baldur's Gate,commander,2,6.93,9.49,6.16
Stomping Ground,Ravnica Allegiance,standard,1,7.02,10.99,6.25
Flusterstorm,Buy-A-Box Promos,commander,17,7.03,7.99,6.24
Virtue of Persistence,Promo Pack: Wilds of Eldraine,standard,2,7.03,8.99,6.8100000000000005
Force of Despair,Secret Lair Showdown,commander,1,7.08,6.99,7.07
Deathrite Shaman,Return to Ravnica,commander,5,7.09,8.49,6.25
Time Sieve,Alara Reborn,commander,2,7.17,11.99,8.08
Kederekt Parasite,Conflux,commander,1,7.2,10.99,4.16
Silence,Magic 2011 (M11),commander,10,7.23,11.99,7.28
Stranglehold,Commander,commander,1,7.24,9.99,8.32
"Tevesh Szat, Doom of Fools",Commander Legends,commander,1,7.28,7.99,7.29
Dawn's Truce,Promo Pack: Bloomburrow,standard,3,7.32,12.99,8.58
Sacrifice,Revised Edition,commander,2,7.35,5.49,3.95
"Nezahal, Primal Tide",Commander Legends,commander,1,7.42,11.99,7.24
Walking Ballista,Commander: FINAL FANTASY,commander,3,7.45,8.99,7.17
Temple Garden,Guilds of Ravnica,standard,12,7.46,9.99,7.55
Command Beacon,Commander Legends,commander,3,7.47,11.99,7.45
Floodfarm Verge,Duskmourn: House of Horror,standard,9,7.49,11.99,7.83
Mount Doom,Universes Beyond: The Lord of the Rings: Tales of Middle-earth,commander,3,7.5,9.49,7.42
Formidable Speaker,Lorwyn Eclipsed,commander,11,7.5,10.99,7.16
Xorn,Adventures in the Forgotten Realms,commander,1,7.51,10.99,7.28
Arena of Glory,Modern Horizons 3,commander,2,7.52,11.99,6.6000000000000005
Culling the Weak,Exodus,commander,11,7.55,11.99,5.72
"Sidisi, Undead Vizier",Dragons of Tarkir,commander,1,7.59,9.49,5.8
Castle Garenbrig,Throne of Eldraine,commander,1,7.62,12.99,7.29
Reanimate,Commander: The Lord of the Rings: Tales of Middle-earth,commander,2,7.7,11.99,7.92
Training Grounds,The List Reprints,commander,2,7.71,12.99,8.22
Flesh Duplicate,Universes Beyond: Doctor Who,commander,3,7.77,7.99,6.97
Wheel of Misfortune,Commander Legends,commander,2,7.8,10.99,6.58
Pyroblast,Ice Age,commander,8,7.91,12.99,8.040000000000001
Mindcrank,New Phyrexia,commander,1,7.94,11.99,7.81
Breath of Fury,Secret Lair Drop Series,commander,1,7.95,12.99,9.28
Scheming Symmetry,Core Set 2020,commander,1,7.96,12.99,8.3
Demonic Consultation,Secret Lair Countdown Kit,commander,12,7.99,9.49,6.18
Force of Vigor,Outlaws of Thunder Junction: Breaking News,commander,2,8.04,9.99,7.29
Mistrise Village,Tarkir: Dragonstorm,standard,5,8.07,13.99,7.49
Starting Town,FINAL FANTASY,commander,32,8.08,10.99,8.700000000000001
Blazemire Verge,Duskmourn: House of Horror,standard,1,8.18,12.99,8.9
Growing Rites of Itlimoc,Ixalan,commander,1,8.2,15.99,7.97
Steal Enchantment,Tempest,commander,2,8.33,5.99,6.24
Tataru Taru,Commander: FINAL FANTASY,commander,9,8.34,9.99,8.16
Sanctum of Eternity,Commander 2019,commander,1,8.4,13.99,6.76
Untimely Malfunction,Duskmourn: House of Horror,commander,1,8.43,11.99,7.45
"Yoshimaru, Ever Faithful",Commander: Kamigawa: Neon Dynasty,commander,1,8.51,9.49,6.25
Paradise Mantle,The List Reprints,commander,4,8.52,10.99,7.41
Chain of Smog,The List Reprints,commander,2,8.54,9.49,6.1000000000000005
Mental Misstep,New Phyrexia,commander,17,8.62,10.99,6.86
Mnemonic Betrayal,Guilds of Ravnica,commander,6,8.68,9.49,7.8
Swan Song,Commander: The Lord of the Rings: Tales of Middle-earth,commander,13,8.68,13.99,8.8
Jeweled Amulet,Ice Age,commander,1,8.69,9.49,4.28
Glint-Horn Buccaneer,Core Set 2020,commander,1,8.71,13.99,5.74
Deep Gnome Terramancer,Commander Legends: Battle for Baldur's Gate,commander,1,8.73,8.99,8.52
Overgrown Tomb,Lorwyn Eclipsed,commander,9,8.92,12.99,8.55
"Slicer, Hired Muscle",Universes Beyond: Transformers,commander,1,8.94,10.99,7.29
"Chimil, the Inner Sun",The Lost Caverns of Ixalan,commander,1,8.97,8.99,8.53
Watery Grave,Edge of Eternities,commander,29,8.99,14.99,8.42
"Jace, Wielder of Mysteries",War of the Spark,commander,1,9.09,11.99,8.59
Blood Crypt,Lorwyn Eclipsed,commander,13,9.1,13.99,8.85
Godless Shrine,Edge of Eternities,commander,7,9.14,13.99,8.22
Mystic Remora,Ice Age,commander,17,9.16,11.99,7.05
"Ajani, Nacatl Pariah",Modern Horizons 3,commander,1,9.17,13.99,6.65
Mindbreak Trap,Outlaws of Thunder Junction: Breaking News,commander,17,9.22,10.99,8.22
"Vilis, Broker of Blood",Core Set 2020,commander,1,9.27,14.99,8.83
"Kaito, Bane of Nightmares",Duskmourn: House of Horror,commander,5,9.32,16.99,8.33
"Chandra, Awakened Inferno",Core Set 2020,commander,1,9.34,13.99,7.82
Breeding Pool,Edge of Eternities,commander,10,9.36,15.99,8.33
Luxury Suite,Commander: Marvel Super Heroes,commander,2,9.42,13.99,9.55
Forbidden Orchard,Double Masters 2022,commander,2,9.59,12.99,7.79
Shatterskull Smashing,Zendikar Rising,commander,1,9.65,13.99,9.63
Wastewood Verge,Aetherdrift,standard,7,9.68,13.99,9.89
Underworld Breach,Theros Beyond Death,commander,11,9.8,11.99,7.05
Goblin Engineer,Modern Horizons,commander,2,9.94,10.99,9.15
Bleachbone Verge,Aetherdrift,standard,3,9.95,14.99,9.34
Raucous Theater,Murders at Karlov Manor,commander,3,10.01,15.99,9.77
Improvisation Capstone,Secrets of Strixhaven,standard,6,10.07,15.99,10.4
Tibalt's Trickery,Kaldheim,commander,1,10.08,16.99,9.37
"Derevi, Empyrial Tactician",Commander 2013,commander,2,10.09,8.49,6.19
Sacred Foundry,Gatecrash,commander,11,10.12,16.99,10.4
Meticulous Archive,Murders at Karlov Manor,standard,1,10.12,15.99,10.21
Redirect Lightning,Avatar: The Last Airbender,commander,7,10.13,16.99,9.83
Gloomlake Verge,Duskmourn: House of Horror,standard,15,10.14,12.99,9.1
The Legend of Roku,Avatar: The Last Airbender,standard,2,10.17,16.99,10.1
Mossborn Hydra,Foundations,standard,7,10.2,16.99,9.47
Ophidian Eye,Time Spiral,commander,2,10.56,15.99,10.09
Rootpath Purifier,Commander: The Brothers' War,commander,1,10.67,8.99,10.39
Eladamri's Call,Masters 25,commander,1,10.67,13.99,10.39
Noble Hierarch,Modern Masters 2015,commander,3,10.74,18.99,10.96
Ad Nauseam,Secrets of Strixhaven: Mystical Archive,commander,9,10.92,9.99,10.42
Praetor's Grasp,New Phyrexia,commander,7,11.03,16.99,9.25
"Aclazotz, Deepest Betrayal",The Lost Caverns of Ixalan,standard,1,11.04,11.99,9.37
Faerie Mastermind,Commander: Secrets of Strixhaven,commander,10,11.09,14.99,9.88
Clown Car,Unfinity,commander,1,11.1,16.99,11.12
Jet Medallion,Modern Horizons 3,commander,1,11.1,15.99,10.52
"Shang-Chi, Master of Kung Fu",Marvel Super Heroes,commander,2,11.15,16.99,10.04
Windswept Heath,Modern Horizons 3,commander,12,11.23,13.99,11.02
Giver of Runes,Modern Horizons,commander,1,11.26,11.99,10.1
Seething Song,9th Edition,commander,2,11.32,12.99,10.45
Steam Vents,Return to Ravnica,standard,42,11.52,19.99,10.7
Birds of Paradise,10th Edition,commander,7,11.52,17.99,11.34
"Takenuma, Abandoned Mire",Kamigawa: Neon Dynasty,commander,1,11.56,16.99,10.93
Moonshadow,Lorwyn Eclipsed,commander,5,11.58,16.99,10.13
Enduring Tenacity,Duskmourn: House of Horror,standard,4,11.73,16.99,11.98
Misdirection,Conspiracy,commander,5,11.76,18.99,11.93
Eldrazi Confluence,Commander: Modern Horizons 3,commander,1,11.76,16.99,10.46
City of Brass,Commander: Teenage Mutant Ninja Turtles,commander,20,11.81,15.99,10.26
"Uthros, Titanic Godcore",Edge of Eternities,standard,4,11.85,18.99,11.29
Dracogenesis,Promo Pack: Tarkir: Dragonstorm,standard,1,12.01,13.99,13.33
Invasion of Ikoria,March of the Machine,commander,2,12.14,15.99,12.3
Balthor the Defiled,Judgment,commander,1,12.17,12.99,9.69
Trickbind,Time Spiral,commander,1,12.31,11.99,7.29
"Lotho, Corrupt Shirriff",Universes Beyond: The Lord of the Rings: Tales of Middle-earth,commander,7,12.37,16.99,12.49
Emiel the Blessed,Jumpstart 2022,commander,2,12.49,11.99,13.63
Idyllic Tutor,Promo Pack: Theros Beyond Death,commander,2,12.55,13.99,13.07
Contamination,The List Reprints,commander,1,12.61,14.99,10.37
Underground Mortuary,Murders at Karlov Manor,standard,1,12.68,20.99,11.49
Sphere of Resistance,Secret Lair Drop Series,commander,1,12.79,11.99,12.18
Bloom Tender,The List Reprints,commander,2,12.86,16.99,13.31
Enduring Vitality,Promo Pack: Duskmourn: House of Horror,commander,4,13.08,17.99,20.05
Cabal Ritual,Torment,commander,12,13.16,18.99,11.88
Abhorrent Oculus,Promo Pack: Duskmourn: House of Horror,commander,1,13.18,21.99,14.5
Jennifer Walters,Marvel Super Heroes,standard,4,13.3,16.99,13.54
Chain of Vapor,Onslaught,commander,9,13.35,16.99,9.7
"Razaketh, the Foulblooded",Hour of Devastation,commander,1,13.58,16.99,13.3
Undercity Sewers,Murders at Karlov Manor,commander,10,13.6,20.99,13.65
"Kinnan, Bonder Prodigy",Ikoria: Lair of Behemoths,commander,2,13.76,17.99,13.51
"Valgavoth, Terror Eater",Promo Pack: Duskmourn: House of Horror,commander,1,13.84,21.99,15.79
Imperial Recruiter,Modern Horizons 2,commander,2,13.86,16.99,14.05
"Ral, Crackling Wit",Bloomburrow,standard,9,13.91,16.99,13.04
"Dihada, Binder of Wills",Commander: Dominaria United,commander,1,13.98,24.99,14.32
Drannith Magistrate,Ikoria: Lair of Behemoths,commander,4,14.1,19.99,12.57
Ashnod's Altar,Commander Masters,commander,1,14.15,19.99,14.32
Icetill Explorer,Edge of Eternities,standard,6,14.19,22.99,14.32
Cave-In,Mercadian Masques,commander,1,14.33,20.99,10.54
Thousand-Year Elixir,Commander 2021,commander,1,14.34,23.99,14.53
Warren Soultrader,Modern Horizons 3,commander,1,14.34,20.99,13.79
Vault of Champions,Commander Legends,commander,1,14.4,19.99,16.01
"Yavimaya, Cradle of Growth",Modern Horizons 2,commander,2,14.43,21.99,15.09
King T'Challa,Marvel Super Heroes,commander,4,14.53,16.99,13.09
Flooded Strand,Khans of Tarkir,commander,18,14.69,22.99,12.85
"Shinka, the Bloodsoaked Keep",The List Reprints,commander,1,14.77,18.99,14.25
Hammerheim,Legends,commander,1,14.78,24.99,8.33
Insidious Dreams,Torment,commander,1,14.84,13.99,14.99
"Urza, Lord High Artificer",Dominaria Remastered,commander,1,14.96,19.99,14.05
All Will Be One,Phyrexia: All Will Be One,commander,1,15.22,17.99,14.06
Thundering Falls,Murders at Karlov Manor,commander,1,15.47,20.99,14.69
Final Fortune,Classic Sixth Edition,commander,10,15.49,15.99,14.58
Snapcaster Mage,Innistrad,commander,1,15.59,19.99,14.16
Black Market Connections,Commander: The Lost Caverns of Ixalan,commander,1,15.66,20.99,14.37
Chalice of the Void,Mirrodin,commander,1,15.73,29.99,12.48
"Ashaya, Soul of the Wild",Zendikar Rising,commander,1,15.8,17.99,15.36
Spellseeker,Battlebond,commander,2,15.83,27.99,12.49
Disrupting Shoal,Ultimate Masters,commander,2,15.97,14.99,39.89
Subtlety,Modern Horizons 2,commander,1,16.13,17.99,11.58
Grand Abolisher,Commander Masters,commander,9,16.28,20.99,16.93
Bolas's Citadel,War of the Spark,commander,3,16.31,12.99,10.4
Gamble,Ultimate Masters,commander,12,16.37,19.99,16.67
Impossible Man,Commander: Marvel Super Heroes,commander,1,16.45,11.99,13.8
Dance of the Dead,Ice Age,commander,1,16.48,18.99,9.97
Mystical Tutor,Dominaria Remastered,commander,10,16.53,20.99,16.67
Diabolic Intent,Promo Pack: The Brothers' War,commander,8,16.65,18.99,18.65
Wooded Foothills,Khans of Tarkir,commander,14,16.76,24.99,16.42
Knuckles the Echidna,Secret Lair Drop Series,commander,2,16.91,21.99,16.67
Training Center,Commander Masters,commander,2,16.95,22.99,18.77
Voice of Victory,Tarkir: Dragonstorm,commander,15,16.98,27.99,17.44
Entomb,Eternal Masters,commander,1,17.14,24.99,14.58
Pact of Negation,Time Spiral: Remastered,commander,15,17.24,22.99,16.4
Grand Arbiter Augustin IV,The List Reprints,commander,1,17.28,16.99,17.19
Warrior's Oath,Double Masters 2022,commander,3,17.34,21.99,14.82
Strip Mine,Fourth Edition,commander,1,17.42,19.99,13.54
Altar of Dementia,Modern Horizons,commander,1,17.76,22.99,16.2
Bloodstained Mire,Khans of Tarkir,commander,15,17.79,24.99,17.830000000000002
Necromancy,Visions,commander,1,17.85,23.99,15.66
Sea of Clouds,Commander Legends: Battle for Baldur's Gate,commander,3,17.86,29.99,20.25
Beseech the Mirror,Promo Pack: Wilds of Eldraine,commander,10,17.93,23.99,20.14
Opposition Agent,Commander Legends,commander,8,17.95,22.99,18.75
Super Shredder,Teenage Mutant Ninja Turtles,commander,1,18.12,20.99,16.65
"Esika, God of the Tree",Kaldheim,commander,1,18.15,21.99,16.66
"Ob Nixilis, Captive Kingpin",March of the Machine: The Aftermath,commander,1,18.32,19.99,16.67
"Boseiju, Who Shelters All",Champions of Kamigawa,commander,1,18.38,20.99,14.55
Tarnished Citadel,Odyssey,commander,7,18.74,17.99,7.22
Grinding Station,Fifth Dawn,commander,4,19.08,19.99,14.19
"Tezzeret, Cruel Captain",Edge of Eternities,commander,4,19.26,27.99,17.7
Polluted Delta,Modern Horizons 3,commander,20,19.33,27.99,19.16
Pirated Copy,Jumpstart 2022,commander,1,19.45,22.99,18.18
Bloodchief Ascension,Zendikar,commander,1,20.0,27.99,14.58
Overlord of the Balemurk,Promo Pack: Duskmourn: House of Horror,standard,4,20.05,29.99,23.96
"Linvala, Keeper of Silence",Modern Masters 2017,commander,1,20.18,24.99,19.68
Riverpyre Verge,Aetherdrift,standard,30,20.19,27.99,20.1
"Lumra, Bellow of the Woods",Bloomburrow,commander,1,20.37,32.99,20.41
Hexing Squelcher,Lorwyn Eclipsed,commander,14,20.42,27.99,19.8
Goblin Welder,Secret Lair Drop Series,commander,1,21.9,23.99,25.51
Charismatic Conqueror,Commander: The Lost Caverns of Ixalan,commander,1,22.25,24.99,20.05
Thassa's Oracle,Theros Beyond Death,commander,11,23.84,27.99,20.0
Tiller Engine,Commander: Dominaria United,commander,1,24.02,37.99,24.9
The Cabbage Merchant,Avatar: The Last Airbender: Eternal-Legal,commander,5,24.04,37.99,23.15
City of Solitude,Visions,commander,1,24.52,22.99,14.58
"Mikaeus, the Unhallowed",Commander Masters,commander,1,25.1,27.99,26.02
Worldly Tutor,Classic Sixth Edition,commander,1,25.42,37.99,25.0
Grim Tutor,Core Set 2021,commander,4,25.66,27.99,23.96
Terror of the Peaks,Core Set 2021,standard,3,25.74,34.99,26.92
Phyrexian Tower,Modern Horizons 3,commander,7,26.05,42.99,25.41
The Meathook Massacre,Promo Pack: Innistrad: Midnight Hunt,commander,1,26.25,32.99,27.77
Deadly Rollick,Secret Lair Drop Series,commander,8,26.46,24.99,26.74
"Nissa, Resurgent Animist",March of the Machine: The Aftermath,commander,1,26.64,37.99,27.49
Verdant Catacombs,Modern Horizons 2,commander,19,27.01,37.99,29.05
"Otawara, Soaring City",Kamigawa: Neon Dynasty,commander,17,27.18,42.99,29.09
Green Sun's Zenith,Mirrodin Besieged,commander,4,27.26,37.99,27.09
Dosan the Falling Leaf,Champions of Kamigawa,commander,1,27.55,39.99,20.74
Natural Order,Portal,commander,1,27.57,39.99,28.35
Sylvan Library,Eternal Masters,commander,3,27.66,37.99,27.45
Morphic Pool,Battlebond,commander,3,28.0,37.99,29.17
Agadeem's Awakening,Zendikar Rising,commander,1,28.62,29.99,27.61
Arid Mesa,Modern Horizons 2,commander,15,28.7,42.99,30.41
Cyclonic Rift,Return to Ravnica,commander,2,29.53,39.99,28.22
Trinisphere,Darksteel,commander,2,29.56,54.99,30.95
Field of the Dead,Secret Lair Countdown Kit,commander,1,29.58,29.99,30.06
Talon Gates of Madara,Commander: Modern Horizons 3,commander,6,30.17,29.99,29.44
Serra Ascendant,The List Reprints,commander,1,30.18,29.99,29.17
Delighted Halfling,Universes Beyond: The Lord of the Rings: Tales of Middle-earth,commander,6,30.29,37.99,27.66
Vaultborn Tyrant,Promo Pack: Lorwyn Eclipsed,standard,1,30.34,47.99,35.94
Marsh Flats,Modern Horizons 2,commander,19,30.45,42.99,29.68
Displacer Kitten,Commander Legends: Battle for Baldur's Gate,commander,3,30.94,34.99,28.12
"Yawgmoth, Thran Physician",Dominaria Remastered,commander,1,30.95,32.99,30.34
Consecrated Sphinx,Mirrodin Besieged,commander,1,31.36,29.99,26.35
Ouroboroid,Edge of Eternities,standard,6,31.7,39.99,30.05
Quantum Riddler,Edge of Eternities,standard,13,31.87,54.99,31.26
Exploration,Dominaria Remastered,commander,2,32.28,42.99,21.96
Scroll Rack,Commander Legends,commander,1,32.45,42.99,34.36
Mana Confluence,Journey Into Nyx,commander,20,32.5,47.99,32.730000000000004
Tainted Pact,Strixhaven: Mystical Archive,commander,14,32.54,37.99,31.26
"Birgi, God of Storytelling",Kaldheim,commander,7,32.57,42.99,33.6
"Delney, Streetwise Lookout",Promo Pack: Murders at Karlov Manor,commander,1,33.31,47.99,36.94
Solitude,Modern Horizons 2,commander,1,33.45,44.99,36.19
Portal to Phyrexia,Promo Pack: The Brothers' War,commander,1,33.64,54.99,38.81
Prismatic Vista,Modern Horizons,commander,2,34.03,47.99,34.74
Sakashima of a Thousand Faces,Commander Legends,commander,1,34.07,42.99,30.08
Lotus Petal,Tempest,commander,24,34.1,44.99,27.31
Bloodthirsty Conqueror,Promo Pack: Edge of Eternities,standard,3,34.23,39.99,35.95
Maralen of the Mornsong,Morningtide,commander,1,34.99,29.99,20.03
Enlightened Tutor,The List Reprints,commander,11,35.01,37.99,32.3
Tangle Wire,Nemesis,commander,1,35.26,32.99,22.45
Misty Rainforest,Modern Horizons 2,commander,18,35.37,39.99,36.45
"Wan Shi Tong, Librarian",Avatar: The Last Airbender,commander,9,35.76,54.99,35.84
Agatha's Soul Cauldron,Promo Pack: Wilds of Eldraine,commander,4,36.08,39.99,39.28
Necropotence,Fifth Edition,commander,9,36.75,44.99,40.41
Vivi Ornitier,FINAL FANTASY,commander,2,36.88,44.99,38.02
"Elspeth, Storm Slayer",Promo Pack: Tarkir: Dragonstorm,standard,2,37.05,47.99,38.55
Chromatic Orrery,Promo Pack: Core Set 2021,commander,1,37.24,54.99,40.62
Ranger-Captain of Eos,The List Reprints,commander,10,37.73,54.99,39.83
Scalding Tarn,Modern Horizons 2,commander,16,38.31,44.99,36.47
Ocelot Pride,Modern Horizons 3,commander,2,39.52,57.99,40.79
Sea Gate Restoration,Zendikar Rising,commander,2,39.77,54.99,40.14
Jeska's Will,Commander Legends: Battle for Baldur's Gate,commander,10,40.54,44.99,42.38
Urza's Saga,The List Reprints,commander,8,41.88,54.99,41.23
Food Chain,Double Masters 2022,commander,1,42.64,29.99,40.07
"Ragavan, Nimble Pilferer",Modern Horizons 2,commander,13,43.41,54.99,45.19
Sensei's Divining Top,Double Masters 2022,commander,4,44.19,54.99,40.1
Finale of Devastation,Promo Pack: Throne of Eldraine,commander,5,44.54,84.99,73.98
Scapeshift,Core Set 2019,commander,1,47.06,54.99,46.5
Badgermole Cub,Avatar: The Last Airbender,commander,20,49.32,79.99,48.97
Roaming Throne,Promo Pack: The Lost Caverns of Ixalan,commander,5,49.48,57.99,50.16
Orcish Bowmasters,Universes Beyond: The Lord of the Rings: Tales of Middle-earth,commander,10,49.59,54.99,47.66
"Boseiju, Who Endures",Kamigawa: Neon Dynasty,commander,8,49.88,69.99,46.87
Smothering Tithe,Ravnica Allegiance,commander,9,50.01,69.99,50.47
Allosaurus Shepherd,Double Masters 2022,commander,1,50.58,54.99,44.28
Gemstone Caverns,Time Spiral,commander,25,50.65,84.99,52.97
Cavern of Souls,The List Reprints,commander,25,51.51,57.99,52.08
"Nykthos, Shrine to Nyx",Theros,commander,1,52.15,69.99,48.16
Force of Negation,Modern Horizons,commander,11,52.39,69.99,53.76
Mana Drain,Outlaws of Thunder Junction: Breaking News,commander,1,52.66,69.99,49.78
Vampiric Tutor,Commander Legends,commander,17,53.35,57.99,56.22
Amulet of Vigor,Worldwake,commander,1,53.47,57.99,42.12
Firestorm,Weatherlight,commander,1,53.58,57.99,35.99
Fierce Guardianship,Commander 2020,commander,16,54.27,84.99,56.83
"Urborg, Tomb of Yawgmoth",Magic 2015 (M15),commander,1,55.57,74.99,57.97
Esper Sentinel,Modern Horizons 2,commander,11,57.11,74.99,59.97
"Minamo, School at Water's Edge",Champions of Kamigawa,commander,1,61.51,74.99,46.92
Force of Will,Dominaria Remastered,commander,17,62.64,74.99,62.52
Rhystic Study,Prophecy,commander,17,62.91,74.99,46.68
Demonic Tutor,Revised Edition,commander,17,63.94,79.99,43.64
"Sun Quan, Lord of Wu",Portal Three Kingdoms,commander,1,64.14,84.99,68.77
Copy Artifact,Revised Edition,commander,1,65.02,89.99,36.24
Deflecting Swat,Commander 2020,commander,15,65.39,99.99,68.48
"Greymond, Avacyn's Stalwart",SLX Cards,commander,1,67.25,89.99,65.81
Spectacular Spider-Man,Play Promos,standard,2,73.74,99.99,78.15
Mox Amber,Dominaria,commander,17,76.28,94.99,77.36
"Sheoldred, the Apocalypse",Dominaria United,commander,1,95.98,139.99,102.11
Mana Vault,Fourth Edition,commander,25,96.9,119.99,75.02
Shallow Grave,Mirage,commander,1,99.75,159.99,104.2
The One Ring,Universes Beyond: The Lord of the Rings: Tales of Middle-earth,commander,6,105.96,129.99,99.0
Null Rod,Weatherlight,commander,1,113.7,129.99,88.55
Ancient Tomb,The List Reprints,commander,24,125.97,119.99,135.46
Chrome Mox,Eternal Masters,commander,23,152.41,179.99,148.05
Imperial Seal,Double Masters 2022,commander,15,163.39,199.99,171.93
Savannah,30th Anniversary Edition,commander,4,195.82,279.99,234.23
Bayou,30th Anniversary Edition,commander,5,232.81,229.99,247.48
Mox Opal,Modern Masters 2015,commander,17,234.22,329.99,218.82
Yawgmoth's Will,Urza's Saga,commander,5,245.26,279.99,171.93
Earthcraft,Tempest,commander,1,256.07,349.99,195.11
Tundra,30th Anniversary Edition,commander,9,278.32,279.99,241.6
Intuition,Tempest,commander,4,358.35,499.99,268.59000000000003
Plateau,Revised Edition,commander,7,375.14,399.99,258.74
Wheel of Fortune,Revised Edition,commander,4,379.5,499.99,248.8
Transmute Artifact,Antiquities,commander,2,396.45,649.99,304.26
Survival of the Fittest,Exodus,commander,1,396.95,549.99,304.40000000000003
Taiga,Revised Edition,commander,2,424.19,449.99,303.52
Scrubland,Revised Edition,commander,8,435.57,449.99,293.3
Grim Monolith,Urza's Legacy,commander,8,470.23,549.99,338.65000000000003
Nether Void,Legends,commander,1,507.99,599.99,656.44
Badlands,Revised Edition,commander,9,533.06,649.99,291.91
City of Traitors,Exodus,commander,17,538.42,649.99,435.06
Tropical Island,Revised Edition,commander,6,579.93,649.99,415.51
Timetwister,30th Anniversary Edition,commander,1,798.33,1099.99,989.88
Lion's Eye Diamond,Mirage,commander,14,816.91,899.99,750.24
Volcanic Island,Revised Edition,commander,10,861.87,1399.99,677.3000000000001
Underground Sea,Revised Edition,commander,12,987.2,1199.99,731.11
Mox Diamond,Stronghold,commander,22,1139.92,1499.99,928.48
Chains of Mephistopheles,Legends,commander,1,1183.06,1399.99,1094.1
Gaea's Cradle,Urza's Saga,commander,6,1622.57,2299.99,1087.74
The Tabernacle at Pendrell Vale,Legends,commander,1,2899.99,4299.99,2917.58
